idx,timestamp,price,whale,structure,aligned,fwd_4h,fwd_12h,fwd_24h
2245,2026-04-15 19:45:00,2375.05,WHALE_BEARISH,BULLISH,False,-0.006357760889244557,-0.014117597524262782,-0.006463021831119464
2246,2026-04-15 20:00:00,2363.15,WHALE_BEARISH,BULLISH,False,-0.004185091932378371,-0.011912066521380438,-0.001730740748577153
2255,2026-04-15 22:15:00,2368.89,WHALE_BEARISH,BULLISH,False,-0.004170729751064695,-0.014259843217709456,-0.010785642220617953
2267,2026-04-16 01:15:00,2351.41,WHALE_BEARISH,BULLISH,False,0.0025303966556238233,-0.0008973339400613067,-0.007557167826963362
2311,2026-04-16 12:15:00,2340.78,WHALE_BEARISH,BEARISH,True,-0.0037167098146773103,0.0021488563641178793,0.007933253018224562
2312,2026-04-16 12:30:00,2339.41,WHALE_BEARISH,BEARISH,True,-0.007591657725665724,0.002624593380382345,0.007343731966606981
2313,2026-04-16 12:45:00,2340.44,WHALE_BEARISH,BEARISH,True,-0.010117755635692394,0.0016919895404283736,0.013471825810531302
2314,2026-04-16 13:00:00,2344.7,WHALE_BEARISH,BEARISH,True,-0.01418091866763338,-0.0002857508423250721,0.026519384142960956
2315,2026-04-16 13:15:00,2349.3,WHALE_BEARISH,BEARISH,True,-0.010496743710892709,-0.006665815349253146,0.023585748946494567
2316,2026-04-16 13:30:00,2336.96,WHALE_BEARISH,BEARISH,True,-0.0037013898397919576,-0.0018271600712036484,0.03482301793783371
2317,2026-04-16 13:45:00,2308.29,WHALE_BEARISH,BEARISH,True,0.007581369758565826,0.011735960386260125,0.05578155257788242
2323,2026-04-16 15:15:00,2319.16,WHALE_BEARISH,BEARISH,True,0.011223891408958409,0.004014384518532532,0.05392469687300583
2325,2026-04-16 15:45:00,2339.01,WHALE_BEARISH,BEARISH,True,0.008845622720723645,-0.005767397317668732,0.04401434795062853
2326,2026-04-16 16:00:00,2336.02,WHALE_BEARISH,BEARISH,True,0.009862929255742614,-0.003660071403498333,0.04660490920454441
2327,2026-04-16 16:15:00,2332.08,WHALE_BEARISH,BEARISH,True,0.008241569757469813,-0.00090477170594494,0.05213371753970697
2328,2026-04-16 16:30:00,2321.65,WHALE_BEARISH,BEARISH,True,0.010005814829969983,0.004621713005836359,0.059315572976116115
2329,2026-04-16 16:45:00,2316.76,WHALE_BEARISH,BEARISH,True,0.014446899981007899,0.005265974895975356,0.05807248053315828
2330,2026-04-16 17:00:00,2311.45,WHALE_BEARISH,BEARISH,True,0.017127776936554984,0.004071037660343224,0.05444634320448216
2331,2026-04-16 17:15:00,2324.64,WHALE_BEARISH,BEARISH,True,0.006951614013352758,-0.001028116181430172,0.04464777341867987
2332,2026-04-16 17:30:00,2328.31,WHALE_BEARISH,BEARISH,True,0.004952089713139651,-0.0030150624272541338,0.04596466965309598
2333,2026-04-16 17:45:00,2325.79,WHALE_BEARISH,BEARISH,True,0.006612806831227225,-0.002794749310986777,0.04928647900283356
2334,2026-04-16 18:00:00,2327.48,WHALE_BEARISH,BEARISH,True,0.006968910581401255,-0.0016240741059000419,0.03951913657689854
2335,2026-04-16 18:15:00,2325.9,WHALE_BEARISH,BEARISH,True,0.007498172750333154,-7.308998667188149e-05,0.04066812846639989
2336,2026-04-16 18:30:00,2333.36,WHALE_BEARISH,BEARISH,True,0.004971371755751353,-0.0017742654369665711,0.041356670209483415
2337,2026-04-16 18:45:00,2343.1,WHALE_BEARISH,BEARISH,True,-0.00021339251419061345,-0.005125688190858124,0.03281550083223084
2338,2026-04-16 19:00:00,2337.05,WHALE_BEARISH,BEARISH,True,0.0034573500780898936,0.001206649408442173,0.03706809867140182
2339,2026-04-16 19:15:00,2345.19,WHALE_BEARISH,BEARISH,True,0.0013175904724138654,-0.0034325577032139343,0.03375845880291162
2340,2026-04-16 19:30:00,2357.99,WHALE_BEARISH,BEARISH,True,-0.002234954346710505,-0.009686215802441778,0.030945847946768357
2341,2026-04-16 19:45:00,2359.7,WHALE_BEARISH,BEARISH,True,-0.0048862143492816035,-0.010823409755477353,0.028910454718820366
2342,2026-04-16 20:00:00,2359.06,WHALE_BEARISH,BULLISH,False,-0.0068035573491135315,-0.009558892101090954,0.03130908073554717
2343,2026-04-16 20:15:00,2351.3,WHALE_BEARISH,BULLISH,False,-0.0023348785778081194,-0.0045974567260665955,0.032692553055756246
2344,2026-04-16 20:30:00,2344.88,WHALE_BEARISH,BULLISH,False,0.0002857289072362157,0.0017527549384188656,0.03276073828937931
2345,2026-04-16 20:45:00,2350.23,WHALE_BEARISH,BULLISH,False,-0.002480608280891583,0.001974274858205227,0.03257128025767697
2346,2026-04-16 21:00:00,2351.04,WHALE_BEARISH,BULLISH,False,-0.0029816591806178794,0.0022585749285422008,0.033198074043827575
2347,2026-04-16 21:15:00,2340.8,WHALE_BEARISH,BULLISH,False,-0.0030587833219413163,0.013196343130553512,0.03801264524948733
2348,2026-04-16 21:30:00,2339.84,WHALE_BEARISH,BULLISH,False,-0.003055764496717739,0.006726955689277725,0.03773762308533901
2349,2026-04-16 21:45:00,2341.17,WHALE_BEARISH,BULLISH,False,-0.00247312241315234,0.00765856388045294,0.037724727379899736
2350,2026-04-16 22:00:00,2343.7,WHALE_BEARISH,BULLISH,False,-0.004625165336860415,0.004219823356231833,0.034966079276357975
2351,2026-04-16 22:15:00,2343.34,WHALE_BEARISH,BULLISH,False,-0.006627292667730766,-0.000426741317947843,0.0378348852492596
2352,2026-04-16 22:30:00,2344.96,WHALE_BEARISH,BULLISH,False,-0.006174945414847199,-0.0025160343886463377,0.039177640556768534
2353,2026-04-16 22:45:00,2342.6,WHALE_BEARISH,BULLISH,False,-0.004631605907965519,0.0006018953299753438,0.03881157688038939
2354,2026-04-16 23:00:00,2345.13,WHALE_BEARISH,BULLISH,False,-0.006954838324527812,0.0007973971592192264,0.035899928788595936
2355,2026-04-16 23:15:00,2348.28,WHALE_BEARISH,BULLISH,False,-0.008435961640009038,0.001643756281192843,0.031210077162859617
2356,2026-04-16 23:30:00,2352.72,WHALE_BEARISH,BULLISH,False,-0.01015420449522253,-0.0011561086742153392,0.028894216056309263
2357,2026-04-16 23:45:00,2348.17,WHALE_BEARISH,BULLISH,False,-0.009645809289787421,0.00290438937555626,0.030163914878394538
2358,2026-04-17 00:00:00,2343.01,WHALE_BEARISH,BULLISH,False,-0.006632494099470532,0.005949611824106471,0.03192047835903389
2359,2026-04-17 00:15:00,2345.81,WHALE_BEARISH,BULLISH,False,-0.00675246503339999,0.005771993469206871,0.03231293241993183
2360,2026-04-17 00:30:00,2345.55,WHALE_BEARISH,BULLISH,False,-0.005614887766195564,0.004706785188974827,0.02922981816631487
2361,2026-04-17 00:45:00,2344.4,WHALE_BEARISH,BULLISH,False,-0.006585906841835909,0.011759938577034612,0.032669339703122136
2362,2026-04-17 01:00:00,2344.03,WHALE_BEARISH,BULLISH,False,-0.009884685776205937,0.026812796764546398,0.03528111841571979
2363,2026-04-17 01:15:00,2333.64,WHALE_BEARISH,BULLISH,False,-0.00488078709655293,0.03045456882809705,0.03866920347611469
2364,2026-04-17 01:30:00,2332.69,WHALE_BEARISH,BULLISH,False,-0.004887061718445218,0.03671726633200301,0.03743317800479273
2365,2026-04-17 01:45:00,2335.38,WHALE_BEARISH,BULLISH,False,-0.006889671059956082,0.043534671017136484,0.03665784583236964
2366,2026-04-17 02:00:00,2332.86,WHALE_BEARISH,BULLISH,False,-0.00392651080647799,0.04173418036230192,0.03779909638812429
2367,2026-04-17 02:15:00,2327.81,WHALE_BEARISH,BEARISH,True,-0.0008935437170559668,0.04506811122900922,0.04045862849631199
2368,2026-04-17 02:30:00,2330.48,WHALE_BEARISH,BEARISH,True,-0.0005406611513508741,0.05039734303662757,0.03865727232158189
2369,2026-04-17 02:45:00,2331.75,WHALE_BEARISH,BEARISH,True,-0.00028304921196520283,0.04953361209392093,0.037504020585397146
2370,2026-04-17 03:00:00,2328.82,WHALE_BEARISH,BEARISH,True,0.004744892263034428,0.04859113198959131,0.03778308327822666
2371,2026-04-17 03:15:00,2328.47,WHALE_BEARISH,BEARISH,True,0.0037234750716135245,0.049710754272118685,0.037836003899556436
2372,2026-04-17 03:30:00,2328.83,WHALE_BEARISH,BEARISH,True,0.002713809080095997,0.04748307089826209,0.03725475882739415
2373,2026-04-17 03:45:00,2325.52,WHALE_BEARISH,BEARISH,True,0.0037152980838692784,0.050070521861777184,0.034194502734872234
2374,2026-04-17 04:00:00,2327.47,WHALE_BEARISH,BEARISH,True,0.0038840457664333083,0.05044962985559431,0.03546769668352345
2375,2026-04-17 04:15:00,2329.97,WHALE_BEARISH,BEARISH,True,0.0045150795932995536,0.053086520427301664,0.03133087550483493
2376,2026-04-17 04:30:00,2332.38,WHALE_BEARISH,BEARISH,True,0.0071214810622624025,0.05444224354521987,0.031024104133974495
2377,2026-04-17 04:45:00,2328.96,WHALE_BEARISH,BEARISH,True,0.011125137400384677,0.0525298845836768,0.03371461940093434
2378,2026-04-17 05:00:00,2320.86,WHALE_BEARISH,BEARISH,True,0.01529174530131061,0.05017105728049098,0.03916220711288054
2379,2026-04-17 05:15:00,2322.25,WHALE_BEARISH,BEARISH,True,0.021289697491656767,0.04572289805145857,0.037343093982129316
2380,2026-04-17 05:30:00,2321.29,WHALE_BEARISH,BEARISH,True,0.014771958695380505,0.04912785563199762,0.03713452433776032
2381,2026-04-17 05:45:00,2319.29,WHALE_BEARISH,BEARISH,True,0.017164735759650496,0.05222719021769606,0.0386583825222373
2382,2026-04-17 06:00:00,2323.7,WHALE_BEARISH,BEARISH,True,0.012863106252958723,0.04121013900245307,0.03688514007832344
2383,2026-04-17 06:15:00,2325.73,WHALE_BEARISH,BEARISH,True,0.007141843636191636,0.040744196445847036,0.035649022027492316
2384,2026-04-17 06:30:00,2329.22,WHALE_BEARISH,BEARISH,True,0.004224590206163503,0.04320759739311897,0.0351662788401268
2385,2026-04-17 06:45:00,2331.09,WHALE_BEARISH,BEARISH,True,0.005542471547645089,0.03813666568000351,0.03385111685949482
2386,2026-04-17 07:00:00,2339.87,WHALE_BEARISH,BEARISH,True,0.003047177834666126,0.035818229217862596,0.029651219939569318
2387,2026-04-17 07:15:00,2337.14,WHALE_BEARISH,BEARISH,True,0.006418100755624323,0.037319116527037455,0.029548935878894733
2388,2026-04-17 07:30:00,2335.15,WHALE_BEARISH,BEARISH,True,0.006359334518125204,0.04102948418731134,0.03005802625099041
2389,2026-04-17 07:45:00,2334.16,WHALE_BEARISH,BEARISH,True,0.0089239812180828,0.040168625972512695,0.029796586352263787
2390,2026-04-17 08:00:00,2336.51,WHALE_BEARISH,BEARISH,True,0.008748090100191952,0.04126239562424283,0.026526742877196918
2391,2026-04-17 08:15:00,2340.49,WHALE_BEARISH,BEARISH,True,0.008058141671188457,0.037462240812821346,0.020008630671355387
2392,2026-04-17 08:30:00,2348.99,WHALE_BEARISH,BEARISH,True,0.0032354331010351345,0.03095372904950633,0.010702472126318252
2393,2026-04-17 08:45:00,2354.87,WHALE_BEARISH,BULLISH,False,0.007261547346562702,0.030536717525808443,0.010913553614424698
2394,2026-04-17 09:00:00,2356.35,WHALE_BEARISH,BULLISH,False,0.02144418274025517,0.030869777409977317,0.008457996477603258
2395,2026-04-17 09:15:00,2371.69,WHALE_BEARISH,BULLISH,False,0.013922561548937562,0.024493082991453363,0.0027111469036846803
2396,2026-04-17 09:30:00,2355.58,WHALE_BEARISH,BULLISH,False,0.026643119741210253,0.030803453926421476,0.008876794674772093
2397,2026-04-17 09:45:00,2359.1,WHALE_BEARISH,BULLISH,False,0.03304226187953052,0.029837649951252487,0.0071807045059557595
2398,2026-04-17 10:00:00,2353.59,WHALE_BEARISH,BULLISH,False,0.032558771918643314,0.030617057346436605,0.003577513500652163
2399,2026-04-17 10:15:00,2342.34,WHALE_BEARISH,BULLISH,False,0.038585346277653754,0.03827796135488426,0.008094469632931256
2400,2026-04-17 10:30:00,2339.06,WHALE_BEARISH,BULLISH,False,0.046544338323942114,0.04179884226997177,0.007733876001470685
2401,2026-04-17 10:45:00,2344.01,WHALE_BEARISH,BULLISH,False,0.0440441806988876,0.038186697155728755,0.006540074487736858
2402,2026-04-17 11:00:00,2347.0,WHALE_BEARISH,BULLISH,False,0.0404686834256498,0.03507456327226244,0.0021431614827440715
2403,2026-04-17 11:15:00,2352.14,WHALE_BEARISH,BULLISH,False,0.039147329665751185,0.029517800811176276,0.0018026137899955774
2404,2026-04-17 11:30:00,2350.0,WHALE_BEARISH,BULLISH,False,0.03804680851063824,0.030085106382978566,-0.0007063829787233855
2405,2026-04-17 11:45:00,2354.99,WHALE_BEARISH,BULLISH,False,0.03693009312141471,0.027180582507781548,-0.0008619994140101062
2406,2026-04-17 12:00:00,2356.95,WHALE_BEARISH,BULLISH,False,0.03731093150045606,0.025817263836738213,0.0006618723350093614
2407,2026-04-17 12:15:00,2359.35,WHALE_BEARISH,BULLISH,False,0.039972873884756455,0.026388623985419857,-0.001801343590395632
2408,2026-04-17 12:30:00,2356.59,WHALE_BEARISH,BULLISH,False,0.04360962237809707,0.024408149062840723,8.486839034360649e-05
2409,2026-04-17 12:45:00,2371.97,WHALE_BEARISH,BULLISH,False,0.03344477375346244,0.02066636593211557,-0.005919130511768733
2410,2026-04-17 13:00:00,2406.88,WHALE_BEARISH,BULLISH,False,0.012638768862593963,0.008247191384697095,-0.021301435883799735
2411,2026-04-17 13:15:00,2404.71,WHALE_BEARISH,BULLISH,False,0.009863975281842574,0.007971855234103042,-0.021121049939493708
2412,2026-04-17 13:30:00,2418.34,WHALE_BEARISH,BULLISH,False,0.007025480288131547,0.0006905563320294128,-0.02812673155966483
2413,2026-04-17 13:45:00,2437.05,WHALE_BEARISH,BULLISH,False,0.001382819392298007,-0.00658993455202006,-0.03361441086559569
2414,2026-04-17 14:00:00,2430.22,WHALE_BEARISH,BULLISH,False,-0.004427582687987042,-0.0037774357877063958,-0.0303058982314357
2415,2026-04-17 14:15:00,2432.72,WHALE_BEARISH,BULLISH,False,-0.005027294550955297,-0.0044107007793745545,-0.031470946101483044
2416,2026-04-17 14:30:00,2447.93,WHALE_BEARISH,BULLISH,False,-0.0073817470270799435,-0.011176790185993712,-0.035924229859513934
2417,2026-04-17 14:45:00,2447.25,WHALE_BEARISH,BULLISH,False,-0.011139033609153248,-0.011461844927980414,-0.03351517008887528
2418,2026-04-17 15:00:00,2441.98,WHALE_BEARISH,BULLISH,False,-0.007493918869114435,-0.010307209723257382,-0.031859392787819796
2419,2026-04-17 15:15:00,2444.22,WHALE_BEARISH,BULLISH,False,-0.008125291504037957,-0.011312402320576509,-0.03265663483647119
2420,2026-04-17 15:30:00,2439.41,WHALE_BEARISH,BULLISH,False,-0.0034639523491335478,-0.009764656207853384,-0.03193395124230847
2421,2026-04-17 15:45:00,2441.96,WHALE_BEARISH,BULLISH,False,-0.005749479925961087,-0.015119002768268164,-0.03207259742174329
2422,2026-04-17 16:00:00,2444.89,WHALE_BEARISH,BULLISH,False,-0.004895925788072186,-0.014262400353390103,-0.03223866922438212
2423,2026-04-17 16:15:00,2453.66,WHALE_BEARISH,BULLISH,False,-0.010388562392507406,-0.020658934000635787,-0.034833677037568234
2424,2026-04-17 16:30:00,2459.36,WHALE_BEARISH,BULLISH,False,-0.015312926940342364,-0.022209029991542617,-0.03853034935918298
2425,2026-04-17 16:45:00,2451.3,WHALE_BEARISH,BULLISH,False,-0.01000285562762615,-0.017876228939746275,-0.036890629461918234
2426,2026-04-17 17:00:00,2437.3,WHALE_BEARISH,BULLISH,False,-0.003368481516432098,-0.010482911418372876,-0.032556517457842826
2427,2026-04-17 17:15:00,2428.43,WHALE_BEARISH,BULLISH,False,0.0005559147267990561,-0.008013407839633002,-0.027416890748343525
2428,2026-04-17 17:30:00,2435.33,WHALE_BEARISH,BULLISH,False,-0.0029523719578045116,-0.011431715619649174,-0.030057528137870326
2429,2026-04-17 17:45:00,2440.42,WHALE_BEARISH,BULLISH,False,-0.004478737266536248,-0.012895321297153872,-0.03235508641955076
2430,2026-04-17 18:00:00,2419.46,WHALE_BEARISH,BULLISH,False,0.0025584221272516583,-0.004153819447314744,-0.024075620179709545
2431,2026-04-17 18:15:00,2420.49,WHALE_BEARISH,BULLISH,False,0.004755235510165434,-0.004895702936182356,-0.026928431846444223
2432,2026-04-17 18:30:00,2429.86,WHALE_BEARISH,BULLISH,False,0.0028684780193095616,-0.007708263027499496,-0.03459870115973762
2433,2026-04-17 18:45:00,2419.99,WHALE_BEARISH,BULLISH,False,0.0055909321939346945,-0.004128116231885137,-0.029979462725052475
2434,2026-04-17 19:00:00,2423.68,WHALE_BEARISH,BULLISH,False,0.002327039873250669,-0.005953756271454891,-0.028745543966199993
2435,2026-04-17 19:15:00,2424.36,WHALE_BEARISH,BULLISH,False,-0.0011508191852694916,-0.0074906367041199795,-0.0301027900146843
2436,2026-04-17 19:30:00,2430.96,WHALE_BEARISH,BULLISH,False,-0.0042205548425314765,-0.010539046302695199,-0.03436091091585225
2437,2026-04-17 19:45:00,2427.92,WHALE_BEARISH,BULLISH,False,-0.0036739266532670456,-0.009971498237174248,-0.03267405845332627
2438,2026-04-17 20:00:00,2432.92,WHALE_BEARISH,BULLISH,False,-0.006214754287029556,-0.014151718922118417,-0.03413182513194024
2439,2026-04-17 20:15:00,2428.17,WHALE_BEARISH,BULLISH,False,-0.002701623032983713,-0.016823369039235314,-0.03272835098036808
2440,2026-04-17 20:30:00,2421.7,WHALE_BEARISH,BULLISH,False,-0.003134161952347392,-0.019643225833092304,-0.028690589255481735
2441,2026-04-17 20:45:00,2426.78,WHALE_BEARISH,BULLISH,False,-0.0023858775826405276,-0.01904169310773951,-0.03055901235381875
2442,2026-04-17 21:00:00,2429.09,WHALE_BEARISH,BULLISH,False,-0.0009715572498343317,-0.021740651849046277,-0.03149739202746715
2443,2026-04-17 21:15:00,2429.78,WHALE_BEARISH,BULLISH,False,-0.0024282033764374544,-0.02126118414012801,-0.03179300183555711
2444,2026-04-17 21:30:00,2428.14,WHALE_BEARISH,BULLISH,False,-0.0033482418641427314,-0.021271425865065474,-0.03098256278468292
2445,2026-04-17 21:45:00,2429.49,WHALE_BEARISH,BULLISH,False,-0.0034986766769981026,-0.02200050216300531,-0.030524924984255852
2446,2026-04-17 22:00:00,2425.65,WHALE_BEARISH,BULLISH,False,-0.0019005215096984385,-0.026236266567724043,-0.031488467008843
2447,2026-04-17 22:15:00,2432.0,WHALE_BEARISH,BULLISH,False,-0.0041159539473685225,-0.029070723684210487,-0.03229029605263167
2448,2026-04-17 22:30:00,2436.83,WHALE_BEARISH,BULLISH,False,-0.006672603341225991,-0.03269821858726285,-0.03390060037015308
2449,2026-04-17 22:45:00,2433.52,WHALE_BEARISH,BULLISH,False,-0.005884480094677791,-0.03048259311614443,-0.03163729905651069
2450,2026-04-17 23:00:00,2429.32,WHALE_BEARISH,BULLISH,False,-0.005149589185451164,-0.03181548746151186,-0.030457082640409805
2451,2026-04-17 23:15:00,2421.57,WHALE_BEARISH,BULLISH,False,-0.002064776157616799,-0.02692055154300721,-0.027601927675020788
2452,2026-04-17 23:30:00,2420.7,WHALE_BEARISH,BULLISH,False,-0.0021109596397734798,-0.029892179947948794,-0.02797124798611972
2453,2026-04-17 23:45:00,2419.0,WHALE_BEARISH,BULLISH,False,-0.005770979743695781,-0.02730053741215377,-0.028391897478296735
2454,2026-04-18 00:00:00,2417.8,WHALE_BEARISH,BULLISH,False,-0.0032178013069733558,-0.024522292993630512,-0.027214823393167387
2455,2026-04-18 00:15:00,2421.61,WHALE_BEARISH,BULLISH,False,-0.0076973583690190805,-0.02746519877271736,-0.030426038874963424
2456,2026-04-18 00:30:00,2414.11,WHALE_BEARISH,BULLISH,False,-0.0038813475773682438,-0.023743739929000807,-0.028287857636975944
2457,2026-04-18 00:45:00,2420.99,WHALE_BEARISH,BULLISH,False,-0.0055803617528366045,-0.0260471955687549,-0.02969859437668043
2458,2026-04-18 01:00:00,2426.73,WHALE_BEARISH,BULLISH,False,-0.006172915816757496,-0.0293069274290918,-0.032170863672514094
2459,2026-04-18 01:15:00,2423.88,WHALE_BEARISH,BULLISH,False,-0.0061512946185455775,-0.02886281499084109,-0.03281103024902232
2460,2026-04-18 01:30:00,2420.01,WHALE_BEARISH,BULLISH,False,-0.005173532340775666,-0.02879740166362954,-0.031045326258982486
2461,2026-04-18 01:45:00,2420.99,WHALE_BEARISH,BULLISH,False,-0.00497317213206161,-0.027203747227373842,-0.030136431790300455
2462,2026-04-18 02:00:00,2421.04,WHALE_BEARISH,BULLISH,False,-0.00480372071506463,-0.02662905197766241,-0.030866900175131384
2463,2026-04-18 02:15:00,2421.99,WHALE_BEARISH,BULLISH,False,-0.00551199633359345,-0.02718012873711284,-0.034731770155946085
2464,2026-04-18 02:30:00,2420.57,WHALE_BEARISH,BULLISH,False,-0.0038999078729390346,-0.02502716302358554,-0.03140995715885109
2465,2026-04-18 02:45:00,2419.2,WHALE_BEARISH,BULLISH,False,-0.0038029100529100024,-0.022309027777777657,-0.03346147486772477
2466,2026-04-18 03:00:00,2416.81,WHALE_BEARISH,BULLISH,False,-0.00312809033395256,-0.0217766394544876,-0.031173323513226214
2467,2026-04-18 03:15:00,2416.57,WHALE_BEARISH,BULLISH,False,-0.004291206131003977,-0.021588449744886384,-0.030299143000202866
2468,2026-04-18 03:30:00,2415.59,WHALE_BEARISH,BULLISH,False,-0.004243269760182855,-0.022387905232262084,-0.030137564735737477
2469,2026-04-18 03:45:00,2405.04,WHALE_BEARISH,BULLISH,False,-0.0005530053554202441,-0.017213850913082585,-0.027138841765625532
2470,2026-04-18 04:00:00,2410.02,WHALE_BEARISH,BULLISH,False,-0.004784192662301678,-0.018236363183707915,-0.027286080613438846
2471,2026-04-18 04:15:00,2402.97,WHALE_BEARISH,BULLISH,False,-0.00651277377578563,-0.014473755394366017,-0.025431029101486757
2472,2026-04-18 04:30:00,2404.74,WHALE_BEARISH,BULLISH,False,-0.012729026838660173,-0.01669203323436208,-0.03171236807305566
2473,2026-04-18 04:45:00,2407.48,WHALE_BEARISH,BULLISH,False,-0.011177662950470957,-0.019360493129745637,-0.030795686776214026
2474,2026-04-18 05:00:00,2411.75,WHALE_BEARISH,BULLISH,False,-0.01470716284855389,-0.022307453094226215,-0.032880688296879956
2475,2026-04-18 05:15:00,2408.97,WHALE_BEARISH,BULLISH,False,-0.01280630310879749,-0.019560226984976947,-0.031195905303926463
2476,2026-04-18 05:30:00,2407.49,WHALE_BEARISH,BULLISH,False,-0.012876481314564092,-0.01884119975576204,-0.02969482739284479
2477,2026-04-18 05:45:00,2408.95,WHALE_BEARISH,BULLISH,False,-0.01366155378899514,-0.019713983270719493,-0.03162788766890123
2478,2026-04-18 06:00:00,2409.41,WHALE_BEARISH,BEARISH,True,-0.019672865971337217,-0.020004897464524385,-0.03558962567599533
2479,2026-04-18 06:15:00,2408.64,WHALE_BEARISH,BEARISH,True,-0.01965424471901145,-0.02214112528231693,-0.03332170851600891
2480,2026-04-18 06:30:00,2411.13,WHALE_BEARISH,BEARISH,True,-0.02238784304454755,-0.027099326871632856,-0.03350711077378654
2481,2026-04-18 06:45:00,2410.0,WHALE_BEARISH,BEARISH,True,-0.021020746887966735,-0.02595850622406637,-0.03435684647302917
2482,2026-04-18 07:00:00,2409.25,WHALE_BEARISH,BEARISH,True,-0.02375012970841539,-0.022928297187921443,-0.036629656532115806
2483,2026-04-18 07:15:00,2406.2,WHALE_BEARISH,BEARISH,True,-0.02070484581497789,-0.02278281107139879,-0.042776992768680855
2484,2026-04-18 07:30:00,2405.34,WHALE_BEARISH,BEARISH,True,-0.023697273566314903,-0.024075598460093106,-0.03737517357213538
2485,2026-04-18 07:45:00,2403.71,WHALE_BEARISH,BEARISH,True,-0.021113195851413025,-0.022931218824234212,-0.03647694605422447
2486,2026-04-18 08:00:00,2398.49,WHALE_BEARISH,BEARISH,True,-0.01666882079975296,-0.02026691793586788,-0.034113129510650375
2487,2026-04-18 08:15:00,2387.32,WHALE_BEARISH,BEARISH,True,-0.01349630548062275,-0.016177135867835202,-0.03013002027377998
2488,2026-04-18 08:30:00,2374.13,WHALE_BEARISH,BEARISH,True,-0.007303728102505014,-0.009228643755818,-0.02314110853238871
2489,2026-04-18 08:45:00,2380.57,WHALE_BEARISH,BEARISH,True,-0.009510327358573933,-0.011740885586225214,-0.025993774600200803
2490,2026-04-18 09:00:00,2376.28,WHALE_BEARISH,BEARISH,True,-0.008698469877287174,-0.009973572137963682,-0.024710892655747774
2491,2026-04-18 09:15:00,2378.12,WHALE_BEARISH,BEARISH,True,-0.010176105495096843,-0.010760600810724275,-0.026453669284981385
2492,2026-04-18 09:30:00,2376.49,WHALE_BEARISH,BEARISH,True,-0.01101203876304957,-0.009922196180080722,-0.027191362050755452
2493,2026-04-18 09:45:00,2376.04,WHALE_BEARISH,BEARISH,True,-0.008800356896348505,-0.008716183229238617,-0.027693136479183922
2494,2026-04-18 10:00:00,2362.01,WHALE_BEARISH,BEARISH,True,-0.0023031231874547364,-0.005393711288267267,-0.022112522808963586
2495,2026-04-18 10:15:00,2361.3,WHALE_BEARISH,BEARISH,True,-0.0021767670351079405,-0.003315970016516512,-0.020941854063439735
2496,2026-04-18 10:30:00,2357.15,WHALE_BEARISH,BEARISH,True,0.0012048448338033424,-0.001243026536283387,-0.01800479392486687
2497,2026-04-18 10:45:00,2359.34,WHALE_BEARISH,BEARISH,True,0.002496460874651385,-0.0011910110454618206,-0.017517610857273658
2498,2026-04-18 11:00:00,2352.03,WHALE_BEARISH,BEARISH,True,0.00516575043685652,0.001403043328528808,-0.010399527216914728
2499,2026-04-18 11:15:00,2356.38,WHALE_BEARISH,BEARISH,True,0.0034035257471205504,-0.000700226618796651,-0.01295631434658251
2500,2026-04-18 11:30:00,2348.34,WHALE_BEARISH,BEARISH,True,0.005608216868085547,0.0019801221288227033,-0.008755120638408331
2501,2026-04-18 11:45:00,2352.96,WHALE_BEARISH,BEARISH,True,0.004538963688290432,-0.0011219910240717335,-0.010021419828641354
2502,2026-04-18 12:00:00,2358.51,WHALE_BEARISH,BEARISH,True,0.003205413587392014,-0.0027602172558098825,-0.010489673565089896
2503,2026-04-18 12:15:00,2355.1,WHALE_BEARISH,BEARISH,True,0.005558150397010797,-0.003044456710967758,-0.011082331960426295
2504,2026-04-18 12:30:00,2356.79,WHALE_BEARISH,BEARISH,True,0.00331382940355307,-0.004654636178870297,-0.012945574276876481
2505,2026-04-18 12:45:00,2357.93,WHALE_BEARISH,BEARISH,True,0.001246856352818071,-0.00374905107445922,-0.011298045319411476
2506,2026-04-18 13:00:00,2355.61,WHALE_BEARISH,BEARISH,True,0.0009933732663724992,-0.0029504035048247834,-0.008184716485326593
2507,2026-04-18 13:15:00,2353.92,WHALE_BEARISH,BEARISH,True,0.0033688485589993267,-0.004065558727569418,-0.004949191136487285
2508,2026-04-18 13:30:00,2350.32,WHALE_BEARISH,BEARISH,True,0.005024847680315858,-0.002314578440382631,-0.0034633581810138425
2509,2026-04-18 13:45:00,2355.13,WHALE_BEARISH,BEARISH,True,0.0026877497208221968,-0.003014695579437232,-0.006988998484160125
2510,2026-04-18 14:00:00,2356.57,WHALE_BEARISH,BEARISH,True,0.0019689633662482997,-0.004353785374506258,-0.010583178093585222
2511,2026-04-18 14:15:00,2356.16,WHALE_BEARISH,BEARISH,True,-0.000360756485128344,-0.007762630721173447,-0.007287280999592638
2512,2026-04-18 14:30:00,2359.99,WHALE_BEARISH,BEARISH,True,-0.006016974648197615,-0.006546637909482622,-0.009317836092525678
2513,2026-04-18 14:45:00,2365.23,WHALE_BEARISH,BEARISH,True,-0.0075214672568840735,-0.011406924485145242,-0.011474571183352045
2514,2026-04-18 15:00:00,2364.18,WHALE_BEARISH,BEARISH,True,-0.004301702916021499,-0.009605867573534987,-0.011746144540601855
2515,2026-04-18 15:15:00,2364.4,WHALE_BEARISH,BEARISH,True,-0.005506682456437151,-0.008902892911521021,-0.012371003214346143
2516,2026-04-18 15:30:00,2361.51,WHALE_BEARISH,BEARISH,True,-0.005962286841893705,-0.007927131369335871,-0.015375755342979858
2517,2026-04-18 15:45:00,2363.64,WHALE_BEARISH,BEARISH,True,-0.006367297896464619,-0.01009883061718364,-0.013893824778731023
2518,2026-04-18 16:00:00,2366.07,WHALE_BEARISH,BEARISH,True,-0.006842570169098949,-0.009217816886229024,-0.017002878190417015
2519,2026-04-18 16:15:00,2368.19,WHALE_BEARISH,BEARISH,True,-0.008229913984942216,-0.011118195752874538,-0.020268643985490997
2520,2026-04-18 16:30:00,2364.6,WHALE_BEARISH,BEARISH,True,-0.005235557811046343,-0.015275310834813483,-0.019242155121373616
2521,2026-04-18 16:45:00,2360.87,WHALE_BEARISH,BEARISH,True,-0.003494474494571964,-0.011660955495219838,-0.02083553944096883
2522,2026-04-18 17:00:00,2357.95,WHALE_BEARISH,BEARISH,True,-0.002277401980533944,-0.01081447867851315,-0.021234546958162737
2523,2026-04-18 17:15:00,2361.85,WHALE_BEARISH,BEARISH,True,-0.003946059233228105,-0.011867815483625033,-0.020903105616359996
2524,2026-04-18 17:30:00,2362.13,WHALE_BEARISH,BEARISH,True,-0.0039032568063570583,-0.011062049929512763,-0.022361174025138375
2525,2026-04-18 17:45:00,2361.46,WHALE_BEARISH,BEARISH,True,-0.002595851718851905,-0.012153498259551254,-0.0274702938012924
2526,2026-04-18 18:00:00,2361.21,WHALE_BEARISH,BEARISH,True,-0.005056729388745573,-0.015902863362428632,-0.02702851504101722
2527,2026-04-18 18:15:00,2355.31,WHALE_BEARISH,BEARISH,True,-0.00078121351329552,-0.011433739083177907,-0.024311024875706244
2528,2026-04-18 18:30:00,2345.79,WHALE_BEARISH,BEARISH,True,0.00359367206783201,-0.006586267312930771,-0.02303701524859425
2529,2026-04-18 18:45:00,2347.44,WHALE_BEARISH,BEARISH,True,0.003872303445455527,-0.008622158606822805,-0.02200695225437066
2530,2026-04-18 19:00:00,2354.01,WHALE_BEARISH,BEARISH,True,0.0005607452814557767,-0.0140228801067116,-0.02296506811780763
2531,2026-04-18 19:15:00,2351.38,WHALE_BEARISH,BEARISH,True,0.001424695285321853,-0.020460325425920134,-0.02214019001607559
2532,2026-04-18 19:30:00,2347.43,WHALE_BEARISH,BEARISH,True,0.0023685477309227654,-0.013627669408672327,-0.021406389114904334
2533,2026-04-18 19:45:00,2348.59,WHALE_BEARISH,BEARISH,True,0.0007366121800740366,-0.013863637331335,-0.02083803473573509
2534,2026-04-18 20:00:00,2349.88,WHALE_BEARISH,BEARISH,True,0.0009021737280201503,-0.014132636560164835,-0.02341821710044778
2535,2026-04-18 20:15:00,2348.7,WHALE_BEARISH,BEARISH,True,-0.00032784093328219743,-0.014182313620300535,-0.023953676501894616
2536,2026-04-18 20:30:00,2352.22,WHALE_BEARISH,BEARISH,True,-0.0027208339356010747,-0.01404205388951707,-0.029712356837370613
2537,2026-04-18 20:45:00,2352.62,WHALE_BEARISH,BEARISH,True,-0.0015004548120817196,-0.01442221863284332,-0.030608428050428738
2538,2026-04-18 21:00:00,2352.58,WHALE_BEARISH,BEARISH,True,-0.001666255770260805,-0.014885784967992532,-0.028509126150863984
2539,2026-04-18 21:15:00,2352.53,WHALE_BEARISH,BEARISH,True,-0.0034771076245575516,-0.015863772194190995,-0.02811441299367079
2540,2026-04-18 21:30:00,2352.91,WHALE_BEARISH,BEARISH,True,-0.003412795219536524,-0.017442231109562223,-0.027680616768172017
2541,2026-04-18 21:45:00,2355.33,WHALE_BEARISH,BEARISH,True,-0.003099353381479375,-0.019143814242590262,-0.03364284410252483
2542,2026-04-18 22:00:00,2349.27,WHALE_BEARISH,BEARISH,True,-0.0012599658617358234,-0.016809476986468064,-0.03783728562489619
2543,2026-04-18 22:15:00,2353.47,WHALE_BEARISH,BEARISH,True,-0.006628510242323027,-0.017684525402915652,-0.03824140524417141
2544,2026-04-18 22:30:00,2354.22,WHALE_BEARISH,BEARISH,True,-0.004111765255583544,-0.016782628641333286,-0.03434683249653803
2545,2026-04-18 22:45:00,2356.53,WHALE_BEARISH,BEARISH,True,-0.007757168378930146,-0.01634606815953965,-0.03680835805188143
2546,2026-04-18 23:00:00,2355.33,WHALE_BEARISH,BEARISH,True,-0.005884525735247337,-0.011786034228749132,-0.038351313828635436
2547,2026-04-18 23:15:00,2354.73,WHALE_BEARISH,BEARISH,True,-0.004832825844152011,-0.012264675780238155,-0.03842478755526113
2548,2026-04-18 23:30:00,2352.99,WHALE_BEARISH,BEARISH,True,-0.00433491005061637,-0.010714027683925376,-0.03634949574796309
2549,2026-04-18 23:45:00,2350.32,WHALE_BEARISH,BEARISH,True,-0.004488750468021441,-0.008909425099560941,-0.03703750978590159
2550,2026-04-19 00:00:00,2352.0,WHALE_BEARISH,BEARISH,True,-0.003290816326530499,-0.007750850340136117,-0.03519982993197279
2551,2026-04-19 00:15:00,2347.93,WHALE_BEARISH,BEARISH,True,-0.002585255948856946,-0.008062420940999071,-0.03041828333894092
2552,2026-04-19 00:30:00,2345.82,WHALE_BEARISH,BEARISH,True,-0.00739187149909204,-0.008329709866912172,-0.029870152015073703
2553,2026-04-19 00:45:00,2349.09,WHALE_BEARISH,BEARISH,True,-0.0067047239569365535,-0.007577402313236226,-0.0294071321235031
2554,2026-04-19 01:00:00,2348.66,WHALE_BEARISH,BEARISH,True,-0.006901807839363783,-0.005249802014765881,-0.02713462144371681
2555,2026-04-19 01:15:00,2344.35,WHALE_BEARISH,BEARISH,True,-0.0044916501375646956,-0.0008872395333461292,-0.027137586111288803
2556,2026-04-19 01:30:00,2344.88,WHALE_BEARISH,BEARISH,True,-0.003786974173518476,-0.00115144485005636,-0.02270478659888786
2557,2026-04-19 01:45:00,2348.03,WHALE_BEARISH,BEARISH,True,-0.006503324063150795,-0.003986320447353808,-0.026345489623216145
2558,2026-04-19 02:00:00,2346.31,WHALE_BEARISH,BEARISH,True,-0.009653455851954762,-0.006256632755262448,-0.030021608397867272
2559,2026-04-19 02:15:00,2337.87,WHALE_BEARISH,BEARISH,True,-0.00405925051435696,0.0004790685538544892,-0.025762766963090322
2560,2026-04-19 02:30:00,2344.54,WHALE_BEARISH,BEARISH,True,-0.006056625180205888,-0.002789459766094793,-0.02810359388195549
2561,2026-04-19 02:45:00,2338.25,WHALE_BEARISH,BEARISH,True,-0.004725756441783413,-6.842724259592536e-05,-0.026010905591788758
2562,2026-04-19 03:00:00,2341.47,WHALE_BEARISH,BEARISH,True,-0.008742371245414104,-0.0021610355887540234,-0.02529180386680152
2563,2026-04-19 03:15:00,2343.35,WHALE_BEARISH,BEARISH,True,-0.017103719034715192,-0.0034992638743678306,-0.026897390487976458
2564,2026-04-19 03:30:00,2342.79,WHALE_BEARISH,BEARISH,True,-0.011674115050858136,-0.0075081420016306355,-0.0261355051028902
2565,2026-04-19 03:45:00,2339.77,WHALE_BEARISH,BEARISH,True,-0.010146296430845636,-0.003833710150997649,-0.02274155152002122
2566,2026-04-19 04:00:00,2344.26,WHALE_BEARISH,BEARISH,True,-0.011769172361427493,-0.007857490210130269,-0.02596981563478462
2567,2026-04-19 04:15:00,2341.86,WHALE_BEARISH,BEARISH,True,-0.01130298139086039,-0.00925332855081007,-0.025650551271211852
2568,2026-04-19 04:30:00,2328.48,WHALE_BEARISH,BEARISH,True,-0.003989727204012916,-0.004028379028379048,-0.020914931629217315
2569,2026-04-19 04:45:00,2333.34,WHALE_BEARISH,BEARISH,True,-0.006278553489847183,-0.009282830620484073,-0.021407081694052366
2570,2026-04-19 05:00:00,2332.45,WHALE_BEARISH,BEARISH,True,-0.006383845312868397,-0.010533987866835126,-0.02539818645630121
2571,2026-04-19 05:15:00,2333.82,WHALE_BEARISH,BEARISH,True,-0.00797405112647942,-0.009143807148794703,-0.029051083631128405
2572,2026-04-19 05:30:00,2336.0,WHALE_BEARISH,BEARISH,True,-0.010329623287671286,-0.011425513698630207,-0.03058647260273961
2573,2026-04-19 05:45:00,2332.76,WHALE_BEARISH,BEARISH,True,-0.00965380064815946,-0.015505238430014279,-0.026813731373994787
2574,2026-04-19 06:00:00,2323.66,WHALE_BEARISH,BEARISH,True,-0.0059733351695169246,-0.011305440554986501,-0.022851880223440535
2575,2026-04-19 06:15:00,2328.38,WHALE_BEARISH,BEARISH,True,-0.00709935663422645,-0.013026224241747486,-0.023200680301325383
2576,2026-04-19 06:30:00,2330.34,WHALE_BEARISH,BEARISH,True,-0.006707175776925256,-0.0165598153059211,-0.019576542478780046
2577,2026-04-19 06:45:00,2327.2,WHALE_BEARISH,BEARISH,True,-0.0039489515297351785,-0.013501203162598618,-0.017630629082158733
2578,2026-04-19 07:00:00,2321.0,WHALE_BEARISH,BEARISH,True,0.0028306764325722877,-0.009069366652305066,-0.014584230934941766
2579,2026-04-19 07:15:00,2303.27,WHALE_BEARISH,BEARISH,True,0.009803453351105107,-0.0017149530884350561,0.005010268010263719
2580,2026-04-19 07:30:00,2315.44,WHALE_BEARISH,BEARISH,True,0.005329440624676218,-0.007886190097778467,-0.007527726911515709
2581,2026-04-19 07:45:00,2316.03,WHALE_BEARISH,BEARISH,True,0.005764174039196268,-0.007072447248092639,-0.00743945458392159
2582,2026-04-19 08:00:00,2316.67,WHALE_BEARISH,BEARISH,True,0.007381284343475736,-0.00941869148389718,-0.007048910720991786
2583,2026-04-19 08:15:00,2315.39,WHALE_BEARISH,BEARISH,True,0.005878059419795356,-0.009911937081873767,-0.006793671908404186
2584,2026-04-19 08:30:00,2319.19,WHALE_BEARISH,BEARISH,True,0.0030571018329677013,-0.015893480051224818,-0.010171654758773574
2585,2026-04-19 08:45:00,2318.69,WHALE_BEARISH,BEARISH,True,0.00543410287705548,-0.016423066472879055,-0.010609438950441752
2586,2026-04-19 09:00:00,2317.56,WHALE_BEARISH,BEARISH,True,0.0080990351921848,-0.013829199675520654,-0.0061487081240615415
2587,2026-04-19 09:15:00,2315.21,WHALE_BEARISH,BEARISH,True,0.011687924637505898,-0.012448114857831594,-0.004582737635031031
2588,2026-04-19 09:30:00,2311.87,WHALE_BEARISH,BEARISH,True,0.013110598779343174,-0.010420136080315778,-0.0003763187376452093
2589,2026-04-19 09:45:00,2310.24,WHALE_BEARISH,BEARISH,True,0.012306080753514914,-0.01478201398988832,-0.0005107694438671873
2590,2026-04-19 10:00:00,2309.78,WHALE_BEARISH,BEARISH,True,0.009459775389863978,-0.02138731827273599,0.002623626492566311
2591,2026-04-19 10:15:00,2311.85,WHALE_BEARISH,BEARISH,True,0.011739515972057024,-0.020926963254536468,0.001604775396327529
2592,2026-04-19 10:30:00,2314.71,WHALE_BEARISH,BEARISH,True,0.01006173559538781,-0.017864008882322202,-0.0024884326762316666
2593,2026-04-19 10:45:00,2318.01,WHALE_BEARISH,BEARISH,True,0.008662602836053246,-0.020802326133191995,-0.006307134136608661
2594,2026-04-19 11:00:00,2327.57,WHALE_BEARISH,BEARISH,True,0.0037979523709275043,-0.026882113105083927,-0.007913832881503047
2595,2026-04-19 11:15:00,2325.85,WHALE_BEARISH,BEARISH,True,0.003998538168841659,-0.026484940989315642,-0.008452823698862688
2596,2026-04-19 11:30:00,2327.78,WHALE_BEARISH,BEARISH,True,-0.0011083521638644012,-0.025913101753602175,-0.008424335633092528
2597,2026-04-19 11:45:00,2329.38,WHALE_BEARISH,BEARISH,True,0.0006096042723815476,-0.02838094256840884,-0.008998102499377492
2598,2026-04-19 12:00:00,2333.77,WHALE_BEARISH,BEARISH,True,-0.003397935529208085,-0.027663394421901022,-0.00919542199959722
2599,2026-04-19 12:15:00,2329.0,WHALE_BEARISH,BEARISH,True,-0.0037827393731214576,-0.022537569772434374,-0.005753542292829539
2600,2026-04-19 12:30:00,2326.28,WHALE_BEARISH,BEARISH,True,-0.0030864728235638905,-0.021721374898980406,-0.006443764293206367
2601,2026-04-19 12:45:00,2331.29,WHALE_BEARISH,BEARISH,True,-0.008411651918036833,-0.02199640542360659,-0.005323233059807975
2602,2026-04-19 13:00:00,2336.33,WHALE_BEARISH,BEARISH,True,-0.01217721811559147,-0.022000316736077608,-0.007293490217563425
2603,2026-04-19 13:15:00,2342.27,WHALE_BEARISH,BEARISH,True,-0.012718431265396402,-0.02627365760565603,-0.011040571753043071
2604,2026-04-19 13:30:00,2342.18,WHALE_BEARISH,BEARISH,True,-0.014033934198054765,-0.021578187842095864,-0.01263779897360573
2605,2026-04-19 13:45:00,2338.67,WHALE_BEARISH,BEARISH,True,-0.017993132849012494,-0.022448656715141513,-0.011908477895555936
2606,2026-04-19 14:00:00,2331.63,WHALE_BEARISH,BEARISH,True,-0.01468500576849685,-0.023914600515519302,-0.013595639102259027
2607,2026-04-19 14:15:00,2338.99,WHALE_BEARISH,BEARISH,True,-0.017503281330830678,-0.026229269898545904,-0.012043659870285772
2608,2026-04-19 14:30:00,2338.0,WHALE_BEARISH,BEARISH,True,-0.019781864841745045,-0.025384944396920406,-0.015136869118904994
2609,2026-04-19 14:45:00,2338.09,WHALE_BEARISH,BEARISH,True,-0.018095967221107845,-0.025944253642930848,-0.020183140939826982
2610,2026-04-19 15:00:00,2336.41,WHALE_BEARISH,BEARISH,True,-0.015605137796876445,-0.023180862947855818,-0.01874670969564407
2611,2026-04-19 15:15:00,2335.15,WHALE_BEARISH,BEARISH,True,-0.01534376806629123,-0.02348029034537391,-0.007429929554846559
2612,2026-04-19 15:30:00,2325.2,WHALE_BEARISH,BEARISH,True,-0.012050576294512338,-0.01876827799759151,-0.00758214347152919
2613,2026-04-19 15:45:00,2330.8,WHALE_BEARISH,BEARISH,True,-0.013364510039471478,-0.018980607516732584,-0.007246438990904602
2614,2026-04-19 16:00:00,2325.84,WHALE_BEARISH,BEARISH,True,-0.01332421834691988,-0.01825576995838063,-0.00764454992604835
2615,2026-04-19 16:15:00,2320.19,WHALE_BEARISH,BEARISH,True,-0.01196022739517022,-0.0165503687198032,-0.007008046754791719
2616,2026-04-19 16:30:00,2319.1,WHALE_BEARISH,BEARISH,True,-0.015855288689577862,-0.01695485317580081,-0.005346901815359462
2617,2026-04-19 16:45:00,2311.68,WHALE_BEARISH,BEARISH,True,-0.013440441583610019,-0.012237852990033216,-0.005022321428571286
2618,2026-04-19 17:00:00,2307.88,WHALE_BEARISH,BEARISH,True,-0.009692878312563824,-0.015022444841153004,0.002435135275664191
2619,2026-04-19 17:15:00,2312.48,WHALE_BEARISH,BEARISH,True,-0.011282259738462641,-0.020090984570677373,0.0008302774510482447
2620,2026-04-19 17:30:00,2309.31,WHALE_BEARISH,BEARISH,True,-0.009323131151729225,-0.01938241292853704,0.0016714949487077746
2621,2026-04-19 17:45:00,2296.59,WHALE_BEARISH,BEARISH,True,-0.008926277655132209,-0.011486595343531136,0.008913214809783021
2622,2026-04-19 18:00:00,2297.39,WHALE_BEARISH,BEARISH,True,-0.016109585224972633,-0.011678469915860967,0.014812461097158058
2623,2026-04-19 18:15:00,2298.05,WHALE_BEARISH,BEARISH,True,-0.01504754030591171,-0.010308740018711515,0.013232958377755066
2624,2026-04-19 18:30:00,2291.75,WHALE_BEARISH,BEARISH,True,-0.008024435475073588,-0.0030675248172794545,0.018963674048216417
2625,2026-04-19 18:45:00,2295.78,WHALE_BEARISH,BEARISH,True,-0.011320771154030518,-0.004185941161609641,0.016748120464504357
2626,2026-04-19 19:00:00,2299.95,WHALE_BEARISH,BEARISH,True,-0.01519598252135912,-0.005565338376921081,0.014913367681906209
2627,2026-04-19 19:15:00,2299.32,WHALE_BEARISH,BEARISH,True,-0.015252335473096457,0.0067367743506774325,0.013177809091383441
2628,2026-04-19 19:30:00,2297.18,WHALE_BEARISH,BEARISH,True,-0.012937601755195427,0.00036131256584170934,0.013655873723434908
2629,2026-04-19 19:45:00,2299.65,WHALE_BEARISH,BEARISH,True,-0.015819798665014262,-0.000369621464135772,0.013971691344335069
2630,2026-04-19 20:00:00,2294.85,WHALE_BEARISH,BEARISH,True,-0.011172843540972144,0.0023923132230865285,0.01618406431792918
2631,2026-04-19 20:15:00,2292.44,WHALE_BEARISH,BEARISH,True,-0.006948927780007219,0.0031494826473101867,0.016907748948718382
2632,2026-04-19 20:30:00,2282.33,WHALE_BEARISH,BEARISH,True,-0.0028830186695175675,0.0058142336997717425,0.02007159350313059
2633,2026-04-19 20:45:00,2280.61,WHALE_BEARISH,BEARISH,True,-0.0002630875072896499,0.005910699330442304,0.02498454360894664
2634,2026-04-19 21:00:00,2285.51,WHALE_BEARISH,BEARISH,True,-0.00025377268093351724,0.0077881960700236785,0.017370302470783194
2635,2026-04-19 21:15:00,2286.39,WHALE_BEARISH,BEARISH,True,-0.002475518174939517,0.0079645204886305,0.014590686628265681
2636,2026-04-19 21:30:00,2287.78,WHALE_BEARISH,BEARISH,True,0.0016872251702522156,0.010149577319497505,0.012995130650674369
2637,2026-04-19 21:45:00,2276.09,WHALE_BEARISH,BEARISH,True,0.004428647373346362,0.014485367450320474,0.02001678316762523
2638,2026-04-19 22:00:00,2260.38,WHALE_BEARISH,BEARISH,True,0.006852830055123382,0.024535697537582113,0.02788469195444998
2639,2026-04-19 22:15:00,2263.47,WHALE_BEARISH,BEARISH,True,0.006260299451726903,0.023013337928048605,0.024506620366075316
2640,2026-04-19 22:30:00,2273.36,WHALE_BEARISH,BEARISH,True,0.00232695217651413,0.01565524158074383,0.02090737938557896
2641,2026-04-19 22:45:00,2269.79,WHALE_BEARISH,BEARISH,True,0.0033659501539788916,0.014803131567237449,0.02185664753126937
2642,2026-04-19 23:00:00,2265.0,WHALE_BEARISH,BEARISH,True,0.0076158940397350605,0.019492273730684406,0.020649006622516453
2643,2026-04-19 23:15:00,2264.25,WHALE_BEARISH,BEARISH,True,0.007097272827647272,0.018522689632328504,0.02013028596665567
2644,2026-04-19 23:30:00,2267.46,WHALE_BEARISH,BEARISH,True,0.006218411791167222,0.017954010214072058,0.02016794122057286
2645,2026-04-19 23:45:00,2263.27,WHALE_BEARISH,BEARISH,True,0.010290420497775399,0.01994901182801878,0.02234819531032528
2646,2026-04-20 00:00:00,2269.21,WHALE_BEARISH,BEARISH,True,0.006244463932381761,0.018993394176828104,0.0204432379550592
2647,2026-04-20 00:15:00,2276.51,WHALE_BEARISH,BEARISH,True,0.002319339691018163,0.017171020553390814,0.01740822574906309
2648,2026-04-20 00:30:00,2275.75,WHALE_BEARISH,BEARISH,True,0.001770844776447511,0.015616829616609929,0.017857849060749054
2649,2026-04-20 00:45:00,2280.01,WHALE_BEARISH,BEARISH,True,0.0014824496383787356,0.017048170841355903,0.018390270218112903
2650,2026-04-20 01:00:00,2284.93,WHALE_BEARISH,BEARISH,True,-0.005129259977329603,0.015037659797017877,0.016626329909450233
2651,2026-04-20 01:15:00,2280.73,WHALE_BEARISH,BEARISH,True,-0.0064496893538472655,0.015644113945973315,0.0184984632113403
2652,2026-04-20 01:30:00,2291.64,WHALE_BEARISH,BEARISH,True,-0.011821228465203837,0.009137560873435646,0.013243790473198125
2653,2026-04-20 01:45:00,2286.17,WHALE_BEARISH,BEARISH,True,-0.006981108141564274,0.010782225293832104,0.012680596806011746
2654,2026-04-20 02:00:00,2275.87,WHALE_BEARISH,BEARISH,True,-0.0023331736874250275,0.010571781340761977,0.015066765676422733
2655,2026-04-20 02:15:00,2277.64,WHALE_BEARISH,BEARISH,True,-0.0014400871077078214,0.014567710437119352,0.014212079169666936
2656,2026-04-20 02:30:00,2278.65,WHALE_BEARISH,BEARISH,True,0.0026638579860880363,0.010514997915432422,0.013003313365369973
2657,2026-04-20 02:45:00,2277.43,WHALE_BEARISH,BEARISH,True,0.003837659115757841,0.005914561589159817,0.013572316163394937
2658,2026-04-20 03:00:00,2282.25,WHALE_BEARISH,BEARISH,True,0.0021470040530178203,0.00453937999780929,0.009495015883448366
2659,2026-04-20 03:15:00,2280.32,WHALE_BEARISH,BEARISH,True,0.015125070165590726,0.01643628964355881,0.01137121105809702
2660,2026-04-20 03:30:00,2281.56,WHALE_BEARISH,BEARISH,True,0.007209979137081657,0.011400094672066485,0.011036308490681712
2661,2026-04-20 03:45:00,2286.56,WHALE_BEARISH,BEARISH,True,0.0053530193828283945,0.011961199356238073,0.01095969491288229
2662,2026-04-20 04:00:00,2283.38,WHALE_BEARISH,BEARISH,True,0.007427585421611926,0.010808538219656771,0.009958920547609162
2663,2026-04-20 04:15:00,2281.79,WHALE_BEARISH,BEARISH,True,0.007831570828165546,0.00970290868134227,0.011574246534518995
2664,2026-04-20 04:30:00,2279.78,WHALE_BEARISH,BEARISH,True,0.006939266069532879,0.011808156927422653,0.01304073200045619
2665,2026-04-20 04:45:00,2283.39,WHALE_BEARISH,BEARISH,True,0.004686015091596385,0.007304928198862415,0.013663894472692117
2666,2026-04-20 05:00:00,2273.21,WHALE_BEARISH,BEARISH,True,0.013241187571759738,0.01772383545734879,0.019157930855486338
2667,2026-04-20 05:15:00,2266.02,WHALE_BEARISH,BEARISH,True,0.01702544549474405,0.02135020873602178,0.022855049823037765
2668,2026-04-20 05:30:00,2264.55,WHALE_BEARISH,BEARISH,True,0.020511801461658985,0.021470049237155342,0.022176591375769883
2669,2026-04-20 05:45:00,2270.21,WHALE_BEARISH,BEARISH,True,0.01711295430819182,0.020636857383237617,0.019319798608939287
2670,2026-04-20 06:00:00,2270.56,WHALE_BEARISH,BEARISH,True,0.019942216898034104,0.02680396025650067,0.017753329575082688
2671,2026-04-20 06:15:00,2274.36,WHALE_BEARISH,BEARISH,True,0.01811498619391827,0.023786911482790662,0.0156659455846917
2672,2026-04-20 06:30:00,2284.72,WHALE_BEARISH,BEARISH,True,0.01060523827865123,0.022098988059806146,0.015314786932315583
2673,2026-04-20 06:45:00,2286.17,WHALE_BEARISH,BEARISH,True,0.007532248258003582,0.021022058727041326,0.013642904945826428
2674,2026-04-20 07:00:00,2287.15,WHALE_BEARISH,BEARISH,True,0.00961895809194857,0.020593314824125963,0.011905646765625333
2675,2026-04-20 07:15:00,2314.81,WHALE_BEARISH,BEARISH,True,-0.0037238477456033037,0.006397933307701331,0.0028987260293502626
2676,2026-04-20 07:30:00,2298.01,WHALE_BEARISH,BEARISH,True,0.004421216617856327,0.013289759400524792,0.010361138550310844
2677,2026-04-20 07:45:00,2298.8,WHALE_BEARISH,BEARISH,True,0.004184792065425436,0.014346615625543846,0.008560988341743458
2678,2026-04-20 08:00:00,2300.34,WHALE_BEARISH,BEARISH,True,0.005203578601423953,0.01375883565038194,0.006912021701139581
2679,2026-04-20 08:15:00,2299.66,WHALE_BEARISH,BEARISH,True,0.006931459433133558,0.013715070923527861,0.010149326422166816
2680,2026-04-20 08:30:00,2295.6,WHALE_BEARISH,BEARISH,True,0.0068348144276006995,0.014174943369924975,0.013556368705349264
2681,2026-04-20 08:45:00,2294.09,WHALE_BEARISH,BEARISH,True,0.010806027662384698,0.018961766975140515,0.012789384897715195
2682,2026-04-20 09:00:00,2303.31,WHALE_BEARISH,BULLISH,False,0.0069378416279179955,0.009508055797960324,0.009082581154946645
2683,2026-04-20 09:15:00,2304.6,WHALE_BEARISH,BULLISH,False,0.005124533541612353,0.006573808903931333,0.006578148051722854
2684,2026-04-20 09:30:00,2311.0,WHALE_BEARISH,BULLISH,False,0.0006836867157073989,0.0028169623539593402,0.006053656425789589
2685,2026-04-20 09:45:00,2309.06,WHALE_BEARISH,BULLISH,False,0.0007622149272865641,0.0054524351900773205,0.007202064909530348
2686,2026-04-20 10:00:00,2315.84,WHALE_BEARISH,BULLISH,False,-0.006870077380130013,0.0032687923172585176,0.005315565842199721
2687,2026-04-20 10:15:00,2315.56,WHALE_BEARISH,BULLISH,False,-0.002047021022992146,0.0014596900965642146,0.0053982621914352436
2688,2026-04-20 10:30:00,2308.95,WHALE_BEARISH,BULLISH,False,-0.0027458368522487175,0.005171181705970307,0.010619545680937259
2689,2026-04-20 10:45:00,2303.39,WHALE_BEARISH,BULLISH,False,-0.005422442573771558,0.006950624948445672,0.012051801909359838
2690,2026-04-20 11:00:00,2309.15,WHALE_BEARISH,BULLISH,False,-0.007162808825758371,0.001134616633826191,0.0037979343048306635
2691,2026-04-20 11:15:00,2306.19,WHALE_BEARISH,BULLISH,False,0.005034277314531765,0.0015783608462440757,0.008902128619064253
2692,2026-04-20 11:30:00,2308.17,WHALE_BEARISH,BULLISH,False,-0.0002599461911384493,0.0021748831325247853,0.006269035642955112
2693,2026-04-20 11:45:00,2308.42,WHALE_BEARISH,BULLISH,False,0.002378250058481468,0.002352258254563644,0.0052113566855249704
2694,2026-04-20 12:00:00,2312.31,WHALE_BEARISH,BULLISH,False,-0.001837988850975858,0.0014228196046377484,0.0019244824439630381
2695,2026-04-20 12:15:00,2315.6,WHALE_BEARISH,BULLISH,False,-0.005039730523406449,0.00023320089825529244,0.0010364484366902627
2696,2026-04-20 12:30:00,2311.29,WHALE_BEARISH,BULLISH,False,-0.0019859039757019747,0.00220655997300212,-0.005525053108869971
2697,2026-04-20 12:45:00,2318.88,WHALE_BEARISH,BULLISH,False,-0.008111674601531726,0.0013196025667563394,-0.004459049196163689
2698,2026-04-20 13:00:00,2319.29,WHALE_BEARISH,BULLISH,False,-0.002496453656075759,0.0015651341574360877,-0.005958720125555761
2699,2026-04-20 13:15:00,2316.41,WHALE_BEARISH,BULLISH,False,-0.0008677220353908721,0.0028103833086543517,-0.0037255926196138045
2700,2026-04-20 13:30:00,2312.58,WHALE_BEARISH,BULLISH,False,0.0002551263091439271,0.004069048422108645,-0.0006183569865690908
2701,2026-04-20 13:45:00,2310.82,WHALE_BEARISH,BULLISH,False,0.002700340138998225,0.0018781211864185021,0.0008438562934369731
2702,2026-04-20 14:00:00,2299.93,WHALE_BEARISH,BULLISH,False,0.013691721052379924,0.004447961459696614,0.0027348658437431617
2703,2026-04-20 14:15:00,2310.82,WHALE_BEARISH,BULLISH,False,0.007633653854475897,-0.0003505249218891393,0.0014713391783001128
2704,2026-04-20 14:30:00,2302.61,WHALE_BEARISH,BULLISH,False,0.014157846964965692,0.0024624230764220822,0.0085077368725055
2705,2026-04-20 14:45:00,2290.9,WHALE_BEARISH,BULLISH,False,0.018913963944301226,0.007612728621938958,0.0036885067004233107
2706,2026-04-20 15:00:00,2292.61,WHALE_BEARISH,BULLISH,False,0.018162705388181877,0.004933242025464413,0.005513366861350066
2707,2026-04-20 15:15:00,2317.8,WHALE_BEARISH,BULLISH,False,0.005099663473983718,-0.004983173699197541,-0.006821123479161417
2708,2026-04-20 15:30:00,2307.57,WHALE_BEARISH,BULLISH,False,0.009091815199538944,-0.0003596857300105505,-0.0014690778611268218
2709,2026-04-20 15:45:00,2313.91,WHALE_BEARISH,BULLISH,False,0.007722858711013192,-0.00098966684097479,-0.00158605995911687
2710,2026-04-20 16:00:00,2308.06,WHALE_BEARISH,BULLISH,False,0.010368014696324979,-0.0008405327417831954,0.0030978397442007477
2711,2026-04-20 16:15:00,2303.93,WHALE_BEARISH,BULLISH,False,0.011836297109721228,0.00185335491963734,0.0036459441042044904
2712,2026-04-20 16:30:00,2306.7,WHALE_BEARISH,BULLISH,False,0.009294663371916645,0.0012181904885768535,0.0028742359214462
2713,2026-04-20 16:45:00,2300.07,WHALE_BEARISH,BULLISH,False,0.016312547009438738,0.006312851348002413,0.003208597999191154
2714,2026-04-20 17:00:00,2313.5,WHALE_BEARISH,BULLISH,False,0.005061594985952045,0.0014091203803761054,-0.005485195591095726
2715,2026-04-20 17:15:00,2314.4,WHALE_BEARISH,BULLISH,False,0.0023116142412720198,0.00147338403041819,-0.008032319391635068
2716,2026-04-20 17:30:00,2313.17,WHALE_BEARISH,BULLISH,False,0.0018762131620244649,0.0006916914883039471,0.0006225223394735746
2717,2026-04-20 17:45:00,2317.06,WHALE_BEARISH,BULLISH,False,0.0019809586286070324,-0.001290428387698106,-0.004682658196162315
2718,2026-04-20 18:00:00,2331.42,WHALE_BEARISH,BULLISH,False,-0.0034356743958618985,-0.008814370641068603,-0.011036192535021527
2719,2026-04-20 18:15:00,2328.46,WHALE_BEARISH,BULLISH,False,-0.004088539206170583,-0.007932281422055931,-0.009903541396459437
2720,2026-04-20 18:30:00,2335.21,WHALE_BEARISH,BULLISH,False,-0.006132210807593408,-0.006637518681403387,-0.012577027333730117
2721,2026-04-20 18:45:00,2334.23,WHALE_BEARISH,BULLISH,False,-0.006353272813732991,-0.007227222681569501,-0.00921503022409964
2722,2026-04-20 19:00:00,2334.25,WHALE_BEARISH,BULLISH,False,-0.009630502302666821,-0.008512370140301928,-0.0081011031380529
2723,2026-04-20 19:15:00,2329.62,WHALE_BEARISH,BULLISH,False,-0.00849494767386949,-0.0034769619079506597,-0.002176320601643078
2724,2026-04-20 19:30:00,2328.55,WHALE_BEARISH,BULLISH,False,-0.006596379721285794,-0.0028902106461102806,-0.01692040110798565
2725,2026-04-20 19:45:00,2331.78,WHALE_BEARISH,BULLISH,False,-0.007689404660817134,-0.005703797099211871,-0.014310955578999862
2726,2026-04-20 20:00:00,2331.99,WHALE_BEARISH,BULLISH,False,-0.0070283320254374,-0.006753888309984135,-0.005600367068469447
2727,2026-04-20 20:15:00,2331.2,WHALE_BEARISH,BULLISH,False,-0.006460192175703483,-0.0035175017158544097,-0.005632292381605897
2728,2026-04-20 20:30:00,2328.14,WHALE_BEARISH,BULLISH,False,-0.005046947348527175,-0.0006099289561624088,-0.005145738658328125
2729,2026-04-20 20:45:00,2337.59,WHALE_BEARISH,BULLISH,False,-0.006694929393092908,-0.0060575207799487,-0.009852027087727144
2730,2026-04-20 21:00:00,2325.21,WHALE_BEARISH,BULLISH,False,-0.0009848572817078294,-0.0004214673083291487,-0.005044705639490665
2731,2026-04-20 21:15:00,2319.75,WHALE_BEARISH,BULLISH,False,0.0013665265653626246,4.310809354590717e-06,-0.003013255738764875
2732,2026-04-20 21:30:00,2317.51,WHALE_BEARISH,BULLISH,False,0.0019331092422469887,0.0032276020383945614,-0.0032060271584589684
2733,2026-04-20 21:45:00,2321.65,WHALE_BEARISH,BULLISH,False,-0.0027954256670903455,0.0017401417095599392,-0.003915318846510085
2734,2026-04-20 22:00:00,2323.41,WHALE_BEARISH,BULLISH,False,-0.005702824727447986,0.0020401048458946747,-0.0033614385751976616
2735,2026-04-20 22:15:00,2318.94,WHALE_BEARISH,BULLISH,False,-0.003850897392774222,0.003932831379854562,-0.0052049643371541165
2736,2026-04-20 22:30:00,2320.89,WHALE_BEARISH,BULLISH,False,-0.005433260516439664,0.0054203344406671405,-0.00402862694914452
2737,2026-04-20 22:45:00,2319.4,WHALE_BEARISH,BULLISH,False,-0.004768474605501449,0.005065965335862677,-0.00347072518754854
2738,2026-04-20 23:00:00,2311.77,WHALE_BEARISH,BULLISH,False,-0.003395666523918872,0.0026602992512230195,0.0026862533902594077
2739,2026-04-20 23:15:00,2309.83,WHALE_BEARISH,BULLISH,False,-0.001549897611512474,0.007312226440906899,0.00274046141923856
2740,2026-04-20 23:30:00,2313.19,WHALE_BEARISH,BULLISH,False,-0.0027883572036885296,0.004085267530985259,0.004586739524206962
2741,2026-04-20 23:45:00,2313.85,WHALE_BEARISH,BULLISH,False,-0.0009637616958748652,0.002852388875683287,0.005743673963307883
2742,2026-04-21 00:00:00,2315.6,WHALE_BEARISH,BULLISH,False,-0.004093971324926615,0.0005009500777337639,0.005229746070133157
2743,2026-04-21 00:15:00,2316.14,WHALE_BEARISH,BULLISH,False,-0.0034281174713099993,0.0008030602640600737,0.003639676358078603
2744,2026-04-21 00:30:00,2316.39,WHALE_BEARISH,BULLISH,False,-0.0029701388798948347,-0.00771459037554123,0.004377501197984968
2745,2026-04-21 00:45:00,2321.94,WHALE_BEARISH,BULLISH,False,-0.0031654564717433775,-0.005771036288620746,0.0015676546336251818
2746,2026-04-21 01:00:00,2322.92,WHALE_BEARISH,BULLISH,False,-0.00265183475969899,-0.007512096843627969,0.0019199972448469271
2747,2026-04-21 01:15:00,2322.92,WHALE_BEARISH,BULLISH,False,-0.002199817471113974,-0.006517658808740667,-0.003736676252303228
2748,2026-04-21 01:30:00,2321.99,WHALE_BEARISH,BULLISH,False,-0.0031094018492757725,-0.004668409424674391,-0.0009733030719338842
2749,2026-04-21 01:45:00,2315.16,WHALE_BEARISH,BULLISH,False,-0.00047080979284352953,-0.001032326059537958,0.003114255602204574
2750,2026-04-21 02:00:00,2310.16,WHALE_BEARISH,BULLISH,False,0.0003073380198774789,-0.0017055095750944105,0.010709214946150958
2751,2026-04-21 02:15:00,2310.01,WHALE_BEARISH,BULLISH,False,-8.657971177772339e-06,0.0018225029328875486,0.019549698919052227
2752,2026-04-21 02:30:00,2308.28,WHALE_BEARISH,BULLISH,False,0.004951738957145402,0.006030464241773004,0.02406120574626991
2753,2026-04-21 02:45:00,2308.34,WHALE_BEARISH,BULLISH,False,0.0039075699420363375,-0.003894573589679262,0.026859128204683946
2754,2026-04-21 03:00:00,2303.92,WHALE_BEARISH,BULLISH,False,0.004540088197506842,0.0005772769887844031,0.0291459772908782
2755,2026-04-21 03:15:00,2306.25,WHALE_BEARISH,BEARISH,True,0.006621138211382105,-0.0018471544715448207,0.025526287262872538
2756,2026-04-21 03:30:00,2306.74,WHALE_BEARISH,BEARISH,True,0.0065373644190505065,-0.0011097913072127819,0.02487059659953017
2757,2026-04-21 03:45:00,2311.62,WHALE_BEARISH,BEARISH,True,0.002967615784601252,-0.0005969839333455074,0.022495046763741477
2758,2026-04-21 04:00:00,2306.12,WHALE_BEARISH,BEARISH,True,0.004388323244236991,0.003941685601789979,0.024530380032262045
2759,2026-04-21 04:15:00,2308.2,WHALE_BEARISH,BEARISH,True,0.006411922710337192,0.0017892730266009238,0.023381855991681855
2760,2026-04-21 04:30:00,2309.51,WHALE_BEARISH,BEARISH,True,0.007451797134456983,0.0016540305086358842,0.0239964321436148
2761,2026-04-21 04:45:00,2314.59,WHALE_BEARISH,BEARISH,True,0.003819250925649831,-0.0030847795937942735,0.02126510526702341
2762,2026-04-21 05:00:00,2316.76,WHALE_BEARISH,BEARISH,True,0.0032243305305683645,-0.006884614720558124,0.02146532226039799
2763,2026-04-21 05:15:00,2317.81,WHALE_BEARISH,BEARISH,True,0.000841311410340051,-0.009491718475630018,0.030209551257436962
2764,2026-04-21 05:30:00,2314.77,WHALE_BEARISH,BEARISH,True,0.004415125476829207,-6.912133818903765e-05,0.035701171174673973
2765,2026-04-21 05:45:00,2314.07,WHALE_BEARISH,BEARISH,True,0.00502145570358703,-0.00339661289416493,0.035755184588192934
2766,2026-04-21 06:00:00,2310.87,WHALE_BEARISH,BEARISH,True,0.007477703202690034,-0.0022415800109915063,0.03525512036592282
2767,2026-04-21 06:15:00,2309.99,WHALE_BEARISH,BEARISH,True,0.007822544686340693,-0.0019870215888379006,0.03563218888393482
2768,2026-04-21 06:30:00,2319.71,WHALE_BEARISH,BEARISH,True,0.005931775954752805,-0.005979195675321458,0.030947833996490814
2769,2026-04-21 06:45:00,2317.36,WHALE_BEARISH,BEARISH,True,0.00595073704560356,-0.0020022784547935046,0.03280025546311305
2770,2026-04-21 07:00:00,2314.38,WHALE_BEARISH,BEARISH,True,0.0015295673139241739,0.00041479791564058566,0.03590594457262841
2771,2026-04-21 07:15:00,2321.52,WHALE_BEARISH,BULLISH,False,0.0022399117819358327,0.0013051793652436583,0.028377959268065744
2772,2026-04-21 07:30:00,2321.82,WHALE_BEARISH,BULLISH,False,0.0003531712191295888,-0.014070858206062464,0.031035997622554712
2773,2026-04-21 07:45:00,2318.48,WHALE_BEARISH,BULLISH,False,0.0008496946275144968,-0.008656533590973514,0.030834857320313214
2774,2026-04-21 08:00:00,2316.24,WHALE_BEARISH,BULLISH,False,0.000224501778745001,0.001161364970814871,0.03215124512140366
2775,2026-04-21 08:15:00,2323.0,WHALE_BEARISH,BULLISH,False,-0.0021523891519587,-0.0021222557038311773,0.027038312526904917
2776,2026-04-21 08:30:00,2326.72,WHALE_BEARISH,BULLISH,False,-0.01212006601567861,-0.004538577912254094,0.024553878421124997
2777,2026-04-21 08:45:00,2323.43,WHALE_BEARISH,BULLISH,False,-0.006408628622338486,-0.0038176316910774055,0.027885496873157445
2778,2026-04-21 09:00:00,2324.23,WHALE_BEARISH,BULLISH,False,-0.008071490343038445,-0.0046251876965704986,0.029063388735194096
2779,2026-04-21 09:15:00,2319.76,WHALE_BEARISH,BULLISH,False,-0.0051643273442080195,-0.0030175535400214226,0.031852433010311376
2780,2026-04-21 09:30:00,2324.99,WHALE_BEARISH,BULLISH,False,-0.005952713775112861,-0.006412930808304518,0.028774317308891684
2781,2026-04-21 09:45:00,2325.69,WHALE_BEARISH,BULLISH,False,-0.00555534056559559,-0.005645636348782568,0.026581358650551
2782,2026-04-21 10:00:00,2328.15,WHALE_BEARISH,BULLISH,False,-0.009419496166484298,-0.0053905461417864675,0.026652062796640896
2783,2026-04-21 10:15:00,2328.06,WHALE_BEARISH,BULLISH,False,-0.00594486396398719,-0.009101999089370594,0.027086930749207427
2784,2026-04-21 10:30:00,2333.47,WHALE_BEARISH,BULLISH,False,-0.004829717116568877,-0.009398020973057197,0.02425143670156471
2785,2026-04-21 10:45:00,2331.15,WHALE_BEARISH,BULLISH,False,-0.013641335821375833,-0.008493661926517015,0.025330845290950643
2786,2026-04-21 11:00:00,2317.92,WHALE_BEARISH,BULLISH,False,-0.005466107544695231,2.588527645475125e-05,0.030971733278111424
2787,2026-04-21 11:15:00,2326.72,WHALE_BEARISH,BULLISH,False,-0.010628696190345233,-0.004538577912254094,0.02822428139183053
2788,2026-04-21 11:30:00,2322.64,WHALE_BEARISH,BULLISH,False,-0.007947852443770942,0.0004994316811905986,0.030142424138049906
2789,2026-04-21 11:45:00,2320.45,WHALE_BEARISH,BULLISH,False,-0.004400008619017903,0.0028830614751449435,0.03360986015643519
2790,2026-04-21 12:00:00,2316.76,WHALE_BEARISH,BULLISH,False,-0.0006690377941609427,0.004726428287781026,0.03693088623767671
2791,2026-04-21 12:15:00,2318.0,WHALE_BEARISH,BULLISH,False,-0.0024460742018982407,0.002834339948231346,0.03456427955133723
2792,2026-04-21 12:30:00,2298.52,WHALE_BEARISH,BULLISH,False,0.006443276543166787,0.012186102361519735,0.04425456380627524
2793,2026-04-21 12:45:00,2308.54,WHALE_BEARISH,BULLISH,False,-0.00047215989326598873,0.00738128860665177,0.04174933074583942
2794,2026-04-21 13:00:00,2305.47,WHALE_BEARISH,BULLISH,False,-0.0020212798258054665,0.009503485189571004,0.04486286961010122
2795,2026-04-21 13:15:00,2307.78,WHALE_BEARISH,BEARISH,True,-0.005186802901489873,0.002799226962708623,0.04405532589761574
2796,2026-04-21 13:30:00,2311.15,WHALE_BEARISH,BEARISH,True,0.001497090193193884,0.0037124375310992885,0.04438915691322487
2797,2026-04-21 13:45:00,2312.77,WHALE_BEARISH,BEARISH,True,-0.0028364255849047115,0.0041508667096166185,0.04524012331533189
2798,2026-04-21 14:00:00,2306.22,WHALE_BEARISH,BEARISH,True,-0.00022981328754401176,0.012435934125972548,0.050658653554301214
2799,2026-04-21 14:15:00,2314.22,WHALE_BEARISH,BEARISH,True,-0.0038112193309191023,0.017694946893553887,0.041966623743637355
2800,2026-04-21 14:30:00,2322.2,WHALE_BEARISH,BEARISH,True,-0.007045043493238978,0.017922659546981468,0.03175867711652747
2801,2026-04-21 14:45:00,2299.35,WHALE_BEARISH,BEARISH,True,0.005814686759301413,0.030873942635962548,0.045151890751734314
2802,2026-04-21 15:00:00,2305.25,WHALE_BEARISH,BEARISH,True,0.004376965621949891,0.028552217763800014,0.04029064092831591
2803,2026-04-21 15:15:00,2301.99,WHALE_BEARISH,BEARISH,True,0.009800216334562961,0.027424098280183662,0.04214179905212467
2804,2026-04-21 15:30:00,2304.18,WHALE_BEARISH,BEARISH,True,-0.006522927896257968,0.026009252749351397,0.04678019946358347
2805,2026-04-21 15:45:00,2310.24,WHALE_BEARISH,BEARISH,True,-0.005120680102500108,0.023105824503081962,0.0405109425860517
2806,2026-04-21 16:00:00,2315.21,WHALE_BEARISH,BEARISH,True,0.0016067656929608098,0.020507858898328957,0.038601249994600906
2807,2026-04-21 16:15:00,2312.33,WHALE_BEARISH,BEARISH,True,0.002482344648039092,0.021554016943948318,0.03530637927977409
2808,2026-04-21 16:30:00,2313.33,WHALE_BEARISH,BEARISH,True,0.0012233447022258481,0.022305507644823752,0.033367483238448514
2809,2026-04-21 16:45:00,2307.45,WHALE_BEARISH,BEARISH,True,0.0030813235389717253,0.024425231315954976,0.03410258077098094
2810,2026-04-21 17:00:00,2300.81,WHALE_BEARISH,BEARISH,True,0.005506756316253858,0.02854646841764419,0.040390123478253326
2811,2026-04-21 17:15:00,2295.81,WHALE_BEARISH,BEARISH,True,0.007383015144981631,0.04008171407912675,0.041941624089101515
2812,2026-04-21 17:30:00,2314.61,WHALE_BEARISH,BEARISH,True,-0.001957133167142744,0.03577276517426253,0.03574684288065799
2813,2026-04-21 17:45:00,2306.21,WHALE_BEARISH,BEARISH,True,0.002753435289934547,0.03928523421544439,0.040325902671482616
2814,2026-04-21 18:00:00,2305.69,WHALE_BEARISH,BEARISH,True,0.00429806261899901,0.03758094106319576,0.04166214885782571
2815,2026-04-21 18:15:00,2305.4,WHALE_BEARISH,BEARISH,True,0.0006376333824931191,0.037694109482085514,0.040270668864405224
2816,2026-04-21 18:30:00,2305.84,WHALE_BEARISH,BEARISH,True,0.0024719841793012787,0.03714915171911315,0.040041806890330545
2817,2026-04-21 18:45:00,2312.72,WHALE_BEARISH,BEARISH,True,-0.0005923760766542996,0.034872358089176325,0.03640302327994749
2818,2026-04-21 19:00:00,2315.34,WHALE_BEARISH,BEARISH,True,0.0011402213065898614,0.03547643110731036,0.034388038041929025
2819,2026-04-21 19:15:00,2324.55,WHALE_BEARISH,BEARISH,True,-0.0036093007248716447,0.027037491127315016,0.034595943300853804
2820,2026-04-21 19:30:00,2289.15,WHALE_BEARISH,BEARISH,True,0.015136622763908036,0.04575060612017556,0.04650634514994656
2821,2026-04-21 19:45:00,2298.41,WHALE_BEARISH,BEARISH,True,0.012499945614577124,0.03983623461436392,0.04323858667513636
2822,2026-04-21 20:00:00,2318.93,WHALE_BEARISH,BEARISH,True,0.003786228993544416,0.0309539313390228,0.034778971335917896
2823,2026-04-21 20:15:00,2318.07,WHALE_BEARISH,BEARISH,True,0.0028040568231331164,0.029222586030620112,0.034377736651611146
2824,2026-04-21 20:30:00,2316.16,WHALE_BEARISH,BEARISH,True,0.004477238187344801,0.029225096711798848,0.033555540204476486
2825,2026-04-21 20:45:00,2314.56,WHALE_BEARISH,BEARISH,True,0.004761164108945115,0.03182462325452784,0.03342319922577075
2826,2026-04-21 21:00:00,2313.48,WHALE_BEARISH,BEARISH,True,0.0060082646057022515,0.03384511644794852,0.03482632225046256
2827,2026-04-21 21:15:00,2312.76,WHALE_BEARISH,BEARISH,True,0.0006399280513325056,0.0349755270758747,0.036428336705927045
2828,2026-04-21 21:30:00,2310.08,WHALE_BEARISH,BEARISH,True,0.004177344507549474,0.03541435794431358,0.041544015791661115
2829,2026-04-21 21:45:00,2312.56,WHALE_BEARISH,BEARISH,True,0.004242052098107685,0.03240996990348366,0.03891358494482322
2830,2026-04-21 22:00:00,2315.6,WHALE_BEARISH,BEARISH,True,0.00833477284505113,0.03221627224045598,0.037484885126964906
2831,2026-04-21 22:15:00,2306.87,WHALE_BEARISH,BEARISH,True,0.02093746071516822,0.03652134710668564,0.03909192975763709
2832,2026-04-21 22:30:00,2311.54,WHALE_BEARISH,BEARISH,True,0.022616956660927334,0.03396869619387943,0.03650812877994758
2833,2026-04-21 22:45:00,2311.35,WHALE_BEARISH,BEARISH,True,0.025521881151707948,0.03411426222770242,0.03839314686222339
2834,2026-04-21 23:00:00,2317.98,WHALE_BEARISH,BEARISH,True,0.022903562584664305,0.030945046980560775,0.0343186740178949
2835,2026-04-21 23:15:00,2316.16,WHALE_BEARISH,BEARISH,True,0.02113843603205301,0.03291223404255317,0.03028288201160545
2836,2026-04-21 23:30:00,2323.8,WHALE_BEARISH,BULLISH,False,0.017346587486014364,0.029628195197521245,0.023100094672519056
2837,2026-04-21 23:45:00,2327.14,WHALE_BEARISH,BULLISH,False,0.015675894015830583,0.030638466100019857,0.020166384489115563
2838,2026-04-22 00:00:00,2327.71,WHALE_BEARISH,BULLISH,False,0.015027645196351802,0.03205296192395113,0.014035253532441727
2839,2026-04-22 00:15:00,2324.57,WHALE_BEARISH,BULLISH,False,0.016175034522513787,0.031640260349225846,0.021130789780475556
2840,2026-04-22 00:30:00,2326.53,WHALE_BEARISH,BULLISH,False,0.016505267501385923,0.031682376758519926,0.02032211061108158
2841,2026-04-22 00:45:00,2325.58,WHALE_BEARISH,BULLISH,False,0.016438909863345952,0.034116220469732284,0.020373412224047316
2842,2026-04-22 01:00:00,2327.38,WHALE_BEARISH,BULLISH,False,0.016804303551632982,0.03502651049678174,0.017233971246637614
2843,2026-04-22 01:15:00,2314.24,WHALE_BEARISH,BULLISH,False,0.03179877627212391,0.041140936117256555,0.021086836283185972
2844,2026-04-22 01:30:00,2319.73,WHALE_BEARISH,BULLISH,False,0.03348665577459431,0.0405262681432752,0.020390304044005214
2845,2026-04-22 01:45:00,2322.37,WHALE_BEARISH,BULLISH,False,0.03205346262654096,0.040919405607203085,0.01912701249154969
2846,2026-04-22 02:00:00,2334.9,WHALE_BEARISH,BULLISH,False,0.02460062529444529,0.03775322283609572,0.010998329692920361
2847,2026-04-22 02:15:00,2355.17,WHALE_BEARISH,BULLISH,False,0.015765316304130916,0.023849658411070118,0.0
2848,2026-04-22 02:30:00,2363.82,WHALE_BEARISH,BULLISH,False,0.01170985946476466,0.013592405513110029,-0.006256821585399863
2849,2026-04-22 02:45:00,2370.34,WHALE_BEARISH,BULLISH,False,0.009715905735042218,0.01385033370740052,-0.007754161850198726
2850,2026-04-22 03:00:00,2371.07,WHALE_BEARISH,BULLISH,False,0.011138431172424301,0.011412569008928397,-0.012644080520608836
2851,2026-04-22 03:15:00,2365.12,WHALE_BEARISH,BULLISH,False,0.009420240833446059,0.014324854552834498,-0.01101846840752263
2852,2026-04-22 03:30:00,2364.11,WHALE_BEARISH,BULLISH,False,0.012592476661407392,0.020244404871177624,-0.010887818248727976
2853,2026-04-22 03:45:00,2363.62,WHALE_BEARISH,BULLISH,False,0.011148154102605279,0.01701204085259045,-0.009650451426202133
2854,2026-04-22 04:00:00,2362.69,WHALE_BEARISH,BULLISH,False,0.011859363691385738,0.01772979104325989,-0.00812209811697684
2855,2026-04-22 04:15:00,2362.17,WHALE_BEARISH,BULLISH,False,0.010007747113882415,0.013462197894309025,-0.007971483847479144
2856,2026-04-22 04:30:00,2364.93,WHALE_BEARISH,BULLISH,False,0.008000236793478166,0.010820616255026616,-0.007991779883548156
2857,2026-04-22 04:45:00,2363.81,WHALE_BEARISH,BULLISH,False,0.010326549088124581,0.009446613729529929,-0.006756042152287978
2858,2026-04-22 05:00:00,2366.49,WHALE_BEARISH,BULLISH,False,0.010686713233523326,0.011514944073290012,-0.006507528026739817
2859,2026-04-22 05:15:00,2387.83,WHALE_BEARISH,BULLISH,False,0.002437359443511644,0.001788234505806452,-0.017208092703416944
2860,2026-04-22 05:30:00,2397.41,WHALE_BEARISH,BULLISH,False,-0.0023024847648086544,-2.5027008313083243e-05,-0.021894461105943397
2861,2026-04-22 05:45:00,2396.81,WHALE_BEARISH,BULLISH,False,-0.003880157375845239,0.0010013309357019828,-0.020043307562969126
2862,2026-04-22 06:00:00,2392.34,WHALE_BEARISH,BULLISH,False,-0.0008945216817008994,0.0039333873947682285,-0.017150572243075923
2863,2026-04-22 06:15:00,2392.3,WHALE_BEARISH,BULLISH,False,-0.0004932491744347178,0.0024829661831708982,-0.01498975880951392
2864,2026-04-22 06:30:00,2391.5,WHALE_BEARISH,BULLISH,False,-0.0006021325527911792,0.0027890445327201085,-0.015889609031988328
2865,2026-04-22 06:45:00,2393.37,WHALE_BEARISH,BULLISH,False,-0.0013244922431551176,0.0014790859750060115,-0.01626994572506557
2866,2026-04-22 07:00:00,2397.48,WHALE_BEARISH,BULLISH,False,-0.0032409029480955365,-0.0010511036588417566,-0.01831089310442635
2867,2026-04-22 07:15:00,2387.4,WHALE_BEARISH,BULLISH,False,0.002090139901147703,0.0073594705537403105,-0.015410069531708093
2868,2026-04-22 07:30:00,2393.88,WHALE_BEARISH,BULLISH,False,-0.0005138102160509028,0.0007226761575349627,-0.017624108142429873
2869,2026-04-22 07:45:00,2389.97,WHALE_BEARISH,BULLISH,False,0.0035439775394672246,0.0032720075984218333,-0.01905463248492656
2870,2026-04-22 08:00:00,2390.71,WHALE_BEARISH,BULLISH,False,0.004856297919864971,0.00371019487934543,-0.019784917451301176
2871,2026-04-22 08:15:00,2385.81,WHALE_BEARISH,BULLISH,False,0.005159673234666595,0.005008781084830938,-0.019611788030061028
2872,2026-04-22 08:30:00,2383.85,WHALE_BEARISH,BULLISH,False,0.006875432598527631,0.004207479497451594,-0.02024456236759853
2873,2026-04-22 08:45:00,2388.22,WHALE_BEARISH,BULLISH,False,0.006992655617991783,0.001549271005183872,-0.02022426744604755
2874,2026-04-22 09:00:00,2391.78,WHALE_BEARISH,BULLISH,False,0.007157848966041991,0.0009490839458479172,-0.02908294241109144
2875,2026-04-22 09:15:00,2393.65,WHALE_BEARISH,BULLISH,False,0.006600797944561476,0.0014037139932738807,-0.030079585570154332
2876,2026-04-22 09:30:00,2391.89,WHALE_BEARISH,BULLISH,False,0.009135035474039377,0.005920004682489655,-0.027877536174322315
2877,2026-04-22 09:45:00,2387.51,WHALE_BEARISH,BULLISH,False,0.012519319290809294,0.006299450054659372,-0.029846995405254928
2878,2026-04-22 10:00:00,2390.2,WHALE_BEARISH,BULLISH,False,0.013743619780771654,0.005104175382813159,-0.034428081332106064
2879,2026-04-22 10:15:00,2391.12,WHALE_BEARISH,BULLISH,False,0.008456288266586398,0.002480009367995084,-0.032428318110341636
2880,2026-04-22 10:30:00,2390.06,WHALE_BEARISH,BULLISH,False,0.0024643732793319106,0.00245600528857004,-0.032430148197116315
2881,2026-04-22 10:45:00,2390.2,WHALE_BEARISH,BULLISH,False,0.005426324156974527,0.00413772906032972,-0.03184252363818918
2882,2026-04-22 11:00:00,2389.71,WHALE_BEARISH,BULLISH,False,0.00352344008268779,0.00327236359223515,-0.030334224654874564
2883,2026-04-22 11:15:00,2392.39,WHALE_BEARISH,BULLISH,False,0.0027629274491198785,-0.0025455715832283232,-0.030266804325381647
2884,2026-04-22 11:30:00,2392.65,WHALE_BEARISH,BULLISH,False,0.008074728857124791,-0.006340250350030385,-0.02816960274172997
2885,2026-04-22 11:45:00,2398.44,WHALE_BEARISH,BULLISH,False,0.002247294074481765,-0.010160771167925797,-0.02896466036256906
2886,2026-04-22 12:00:00,2402.32,WHALE_BEARISH,BULLISH,False,0.0009407572679742682,-0.017458123813646864,-0.02918845116387503
2887,2026-04-22 12:15:00,2398.12,WHALE_BEARISH,BULLISH,False,-0.0017305222424233158,-0.01018714659816855,-0.028263806648541223
2888,2026-04-22 12:30:00,2400.24,WHALE_BEARISH,BULLISH,False,-0.004049595040495846,-0.01101139886011393,-0.029609539046095312
2889,2026-04-22 12:45:00,2404.92,WHALE_BEARISH,BULLISH,False,-0.0078089915672870935,-0.013289423348801677,-0.031622673519285494
2890,2026-04-22 13:00:00,2408.9,WHALE_BEARISH,BULLISH,False,-0.0062933289053096475,-0.017190418863381796,-0.03497446967495532
2891,2026-04-22 13:15:00,2409.45,WHALE_BEARISH,BULLISH,False,-0.007200813463653533,-0.019261657224677764,-0.03579655108012203
2892,2026-04-22 13:30:00,2413.74,WHALE_BEARISH,BULLISH,False,-0.0067902922435721935,-0.01935171145193748,-0.03854599086894195
2893,2026-04-22 13:45:00,2417.4,WHALE_BEARISH,BULLISH,False,-0.007524613220815768,-0.02093571605857536,-0.04036568213783398
2894,2026-04-22 14:00:00,2423.05,WHALE_BEARISH,BULLISH,False,-0.008790573863519224,-0.025781556303006603,-0.04252904397350454
2895,2026-04-22 14:15:00,2411.34,WHALE_BEARISH,BULLISH,False,-0.005432663995952658,-0.0232941020345534,-0.03496810901822234
2896,2026-04-22 14:30:00,2395.95,WHALE_BEARISH,BULLISH,False,0.0009265635760347113,-0.019583046390784342,-0.02727936726559388
2897,2026-04-22 14:45:00,2403.17,WHALE_BEARISH,BULLISH,False,-0.00260489270421993,-0.02130935389506361,-0.02868294793959658
2898,2026-04-22 15:00:00,2398.13,WHALE_BEARISH,BULLISH,False,-0.0013218632851430545,-0.023785199301122106,-0.02863064137473792
2899,2026-04-22 15:15:00,2399.0,WHALE_BEARISH,BULLISH,False,0.0024885368903708738,-0.02498541058774495,-0.027815756565235494
2900,2026-04-22 15:30:00,2411.97,WHALE_BEARISH,BULLISH,False,-0.00678283726580331,-0.030514475719017997,-0.03128562958909087
2901,2026-04-22 15:45:00,2403.83,WHALE_BEARISH,BULLISH,False,-0.0025126568850541986,-0.02621649617485433,-0.02935731728117197
2902,2026-04-22 16:00:00,2404.58,WHALE_BEARISH,BULLISH,False,-0.0020793652113882954,-0.025401525422318993,-0.030816192432774114
2903,2026-04-22 16:15:00,2393.97,WHALE_BEARISH,BULLISH,False,0.0015831443167626524,-0.021148970120761557,-0.026700418133894566
