timestamp,timestamp_ms,oi,oi_usd,ls_ratio,long_pct,short_pct,top_ls_ratio,top_long_pct,top_short_pct,futures_taker_ratio,futures_buy_vol,futures_sell_vol
2026-05-08 01:30:00,1778203800000,,,,,,,,,1.121,5355.886,4777.618
2026-05-08 01:45:00,1778204700000,2308767.51,5275048877.56891,2.6417,0.7254,0.2746,2.2165,0.6891,0.3109,0.4722,6989.664,14802.392
2026-05-08 02:00:00,1778205600000,2306161.047,5267264040.259642,2.6417,0.7254,0.2746,2.2175,0.6892,0.3108,0.8165,46511.197,56964.379
2026-05-08 02:15:00,1778206500000,2314056.836,5269831423.489679,2.5971,0.722,0.278,2.1928,0.6868,0.3132,0.7868,35141.747,44664.279
2026-05-08 02:30:00,1778207400000,2313061.895,5263395472.69145,2.5765,0.7204,0.2796,2.1878,0.6863,0.3137,1.3373,16450.718,12301.763
2026-05-08 02:45:00,1778208300000,2313199.297,5270502998.948531,2.5714,0.72,0.28,2.1807,0.6856,0.3144,1.0266,6412.602,6246.144
2026-05-08 03:00:00,1778209200000,2314611.557,5272945531.061914,2.5714,0.72,0.28,2.1807,0.6856,0.3144,0.5915,39390.211,66598.798
2026-05-08 03:15:00,1778210100000,2308135.353,5243918396.766454,2.5907,0.7215,0.2785,2.1586,0.6834,0.3166,1.4179,24108.163,17003.02
2026-05-08 03:30:00,1778211000000,2311940.364,5266022164.101,2.5881,0.7213,0.2787,2.1546,0.683,0.317,0.577,9636.515,16702.352
2026-05-08 03:45:00,1778211900000,2306066.449,5257289806.63567,2.592,0.7216,0.2784,2.1596,0.6835,0.3165,0.992,6787.954,6842.948
2026-05-08 04:00:00,1778212800000,2306563.541,5253705908.60652,2.5868,0.7212,0.2788,2.1566,0.6832,0.3168,1.3781,9633.453,6990.235
2026-05-08 04:15:00,1778213700000,2306944.173,5263062436.2822,2.601,0.7223,0.2777,2.1676,0.6843,0.3157,1.5453,9713.922,6285.942
2026-05-08 04:30:00,1778214600000,2309403.218,5268918324.931509,2.6088,0.7229,0.2771,2.1716,0.6847,0.3153,0.6858,7200.756,10499.763
2026-05-08 04:45:00,1778215500000,2309988.228,5258434102.33692,2.5945,0.7218,0.2782,2.1616,0.6837,0.3163,1.6444,7284.443,4429.746
2026-05-08 05:00:00,1778216400000,2310329.556,5268831122.932504,2.5932,0.7217,0.2783,2.1616,0.6837,0.3163,1.0006,5104.814,5101.818
2026-05-08 05:15:00,1778217300000,2310317.543,5267070072.671151,2.5932,0.7217,0.2783,2.1606,0.6836,0.3164,0.7946,4874.352,6134.727
2026-05-08 05:30:00,1778218200000,2309306.735,5263288243.76713,2.5932,0.7217,0.2783,2.1596,0.6835,0.3165,1.4318,6916.384,4830.475
2026-05-08 05:45:00,1778219100000,2309466.05,5270578052.299307,2.6062,0.7227,0.2773,2.1666,0.6842,0.3158,1.0159,9207.216,9063.106
2026-05-08 06:00:00,1778220000000,2310593.665,5257524825.341,2.6036,0.7225,0.2775,2.1716,0.6847,0.3153,0.9476,27219.498,28723.302
2026-05-08 06:15:00,1778220900000,2301534.087,5237176457.653123,2.6166,0.7235,0.2765,2.1817,0.6857,0.3143,1.3649,11060.765,8103.825
2026-05-08 06:30:00,1778221800000,2299807.487,5230235219.1854925,2.6284,0.7244,0.2756,2.1908,0.6866,0.3134,0.9282,17181.64,18511.456
2026-05-08 06:45:00,1778222700000,2297616.607,5226440161.275757,2.6377,0.7251,0.2749,2.201,0.6876,0.3124,0.9655,7123.805,7378.225
2026-05-08 07:00:00,1778223600000,2299130.209,5229052661.227044,2.635,0.7249,0.2751,2.2,0.6875,0.3125,0.871,14469.681,16612.847
2026-05-08 07:15:00,1778224500000,2301433.93,5218432393.2571,2.6417,0.7254,0.2746,2.2072,0.6882,0.3118,1.1911,12870.579,10805.23
2026-05-08 07:30:00,1778225400000,2301716.524,5224600790.7413225,2.6483,0.7259,0.2741,2.2123,0.6887,0.3113,1.3729,23026.745,16772.856
2026-05-08 07:45:00,1778226300000,2302490.344,5245558186.05508,2.6536,0.7263,0.2737,2.2134,0.6888,0.3112,1.497,19156.483,12796.228
2026-05-08 08:00:00,1778227200000,2304077.891,5253585422.604257,2.6496,0.726,0.274,2.2082,0.6883,0.3117,1.2272,13173.411,10734.558
2026-05-08 08:15:00,1778228100000,2304660.682,5255191979.442219,2.6483,0.7259,0.2741,2.2072,0.6882,0.3118,0.8451,6717.039,7948.299
2026-05-08 08:30:00,1778229000000,2305342.945,5256758250.33625,2.6456,0.7257,0.2743,2.2041,0.6879,0.3121,1.6849,21082.566,12512.659
2026-05-08 08:45:00,1778229900000,2303836.572,5263022495.27112,2.655,0.7264,0.2736,2.1959,0.6871,0.3129,1.4302,20593.018,14398.612
2026-05-08 09:00:00,1778230800000,2302201.212,5254590090.29304,2.6563,0.7265,0.2735,2.1928,0.6868,0.3132,1.3052,23953.21,18351.701
2026-05-08 09:15:00,1778231700000,2302579.903,5268809385.64266,2.6523,0.7262,0.2738,2.1888,0.6864,0.3136,0.6631,22840.616,34443.368
2026-05-08 09:30:00,1778232600000,2300382.349,5260473780.790202,2.663,0.727,0.273,2.1949,0.687,0.313,0.6625,9152.221,13814.971
2026-05-08 09:45:00,1778233500000,2299009.105,5252146343.869176,2.647,0.7258,0.2742,2.1807,0.6856,0.3144,0.8411,12076.094,14358.271
2026-05-08 10:00:00,1778234400000,2299516.585,5250139115.815037,2.6443,0.7256,0.2744,2.1776,0.6853,0.3147,0.8775,10118.889,11531.48
2026-05-08 10:15:00,1778235300000,2298760.939,5245257130.501576,2.6443,0.7256,0.2744,2.1746,0.685,0.315,0.8302,7872.535,9483.178
2026-05-08 10:30:00,1778236200000,2299103.32,5247365773.964396,2.6456,0.7257,0.2743,2.1776,0.6853,0.3147,1.2233,15148.01,12382.908
2026-05-08 10:45:00,1778237100000,2300834.103,5266609261.767,2.6563,0.7265,0.2735,2.1857,0.6861,0.3139,0.6155,11820.043,19203.189
2026-05-08 11:00:00,1778238000000,2298149.411,5255495032.313714,2.6724,0.7277,0.2723,2.2041,0.6879,0.3121,1.6815,29661.266,17639.632
2026-05-08 11:15:00,1778238900000,2301150.029,5268828163.89985,2.6711,0.7276,0.2724,2.2,0.6875,0.3125,0.8912,12952.359,14534.331
2026-05-08 11:30:00,1778239800000,2301160.358,5273483835.441418,2.6846,0.7286,0.2714,2.2051,0.688,0.312,0.968,9183.622,9487.034
2026-05-08 11:45:00,1778240700000,2301141.957,5267636099.44698,2.6751,0.7279,0.2721,2.1969,0.6872,0.3128,0.9665,18286.814,18919.826
2026-05-08 12:00:00,1778241600000,2300463.818,5276941933.55748,2.6846,0.7286,0.2714,2.199,0.6874,0.3126,1.0746,15858.516,14757.87
2026-05-08 12:15:00,1778242500000,2296972.593,5265694820.82285,2.6778,0.7281,0.2719,2.1918,0.6867,0.3133,1.1687,18884.339,16158.015
2026-05-08 12:30:00,1778243400000,2295130.296,5260622248.85568,2.6603,0.7268,0.2732,2.1847,0.686,0.314,0.9915,37001.225,37317.039
2026-05-08 12:45:00,1778244300000,2293310.324,5252140357.709162,2.6417,0.7254,0.2746,2.1616,0.6837,0.3163,0.6413,21789.615,33975.575
2026-05-08 13:00:00,1778245200000,2290555.211,5230780596.49593,2.6284,0.7244,0.2756,2.1576,0.6833,0.3167,0.6661,28174.565,42298.026
2026-05-08 13:15:00,1778246100000,2286519.891,5201649830.43372,2.6219,0.7239,0.2761,2.1596,0.6835,0.3165,0.9885,24458.69,24742.91
2026-05-08 13:30:00,1778247000000,2287576.273,5199180477.51167,2.6364,0.725,0.275,2.1786,0.6854,0.3146,1.191,40781.296,34240.105
2026-05-08 13:45:00,1778247900000,2291962.696,5204680728.494877,2.6697,0.7275,0.2725,2.2082,0.6883,0.3117,1.2659,19739.29,15592.518
2026-05-08 14:00:00,1778248800000,2296852.973,5224995985.62905,2.6832,0.7285,0.2715,2.2175,0.6892,0.3108,1.0829,26907.56,24847.464
2026-05-08 14:15:00,1778249700000,2298200.692,5240449733.828799,2.7092,0.7304,0.2696,2.2383,0.6912,0.3088,1.0723,35830.585,33413.802
2026-05-08 14:30:00,1778250600000,2297260.163,5238947729.120994,2.6873,0.7288,0.2712,2.2144,0.6889,0.3111,1.1236,27709.993,24662.879
2026-05-08 14:45:00,1778251500000,2295979.372,5250858904.17656,2.7106,0.7305,0.2695,2.2331,0.6907,0.3093,0.733,10993.426,14996.972
2026-05-08 15:00:00,1778252400000,2299031.439,5252815483.194533,2.6941,0.7293,0.2707,2.2258,0.69,0.31,0.9242,17637.854,19083.695
2026-05-08 15:15:00,1778253300000,2301434.822,5247708666.77618,2.6805,0.7283,0.2717,2.2165,0.6891,0.3109,0.869,21022.836,24193.077
2026-05-08 15:30:00,1778254200000,2303465.88,5244323803.6548,2.6941,0.7293,0.2707,2.2289,0.6903,0.3097,1.2866,18051.678,14030.351
2026-05-08 15:45:00,1778255100000,2302907.923,5260325306.79583,2.7064,0.7302,0.2698,2.2342,0.6908,0.3092,1.4434,35602.769,24665.697
2026-05-08 16:00:00,1778256000000,2298729.781,5270090883.21841,2.647,0.7258,0.2742,2.1756,0.6851,0.3149,0.8521,16478.216,19339.086
2026-05-08 16:15:00,1778256900000,2297583.407,5260561957.3201685,2.6101,0.723,0.277,2.1437,0.6819,0.3181,1.5177,12838.34,8459.011
2026-05-08 16:30:00,1778257800000,2293834.839,5250381501.33549,2.5945,0.7218,0.2782,2.1338,0.6809,0.3191,1.4859,17108.27,11513.357
2026-05-08 16:45:00,1778258700000,2290341.088,5246553413.358866,2.5855,0.7211,0.2789,2.1289,0.6804,0.3196,0.7894,10111.322,12808.175
2026-05-08 17:00:00,1778259600000,2288818.174,5239036685.766675,2.5868,0.7212,0.2788,2.1279,0.6803,0.3197,0.9379,26175.452,27908.928
2026-05-08 17:15:00,1778260500000,2281759.401,5236819643.276972,2.5791,0.7206,0.2794,2.1182,0.6793,0.3207,1.4304,25981.183,18163.629
2026-05-08 17:30:00,1778261400000,2280607.217,5246719351.28586,2.5702,0.7199,0.2801,2.1017,0.6776,0.3224,1.1426,66853.798,58509.619
2026-05-08 17:45:00,1778262300000,2262855.061,5225188426.79945,2.5549,0.7187,0.2813,2.0694,0.6742,0.3258,0.5175,30034.355,58040.473
2026-05-08 18:00:00,1778263200000,2251331.441,5186392240.6317,2.5423,0.7177,0.2823,2.06,0.6732,0.3268,1.3243,36580.463,27621.795
2026-05-08 18:15:00,1778264100000,2250163.932,5201321433.73596,2.5273,0.7165,0.2835,2.0479,0.6719,0.3281,1.6556,60513.459,36551.873
2026-05-08 18:30:00,1778265000000,2257001.166,5230713052.2633,2.5149,0.7155,0.2845,2.0184,0.6687,0.3313,0.912,26946.216,29546.815
2026-05-08 18:45:00,1778265900000,2255415.726,5226974742.412807,2.4868,0.7132,0.2868,1.9958,0.6662,0.3338,0.5069,9007.08,17767.445
2026-05-08 19:00:00,1778266800000,2253463.883,5212913189.298113,2.4807,0.7127,0.2873,1.9895,0.6655,0.3345,1.0613,16668.504,15705.868
2026-05-08 19:15:00,1778267700000,2248812.171,5209476212.737414,2.4638,0.7113,0.2887,1.9744,0.6638,0.3362,0.7106,9361.492,13173.83
2026-05-08 19:30:00,1778268600000,2248765.695,5204993077.647,2.4578,0.7108,0.2892,1.9709,0.6634,0.3366,0.9577,14877.823,15534.347
2026-05-08 19:45:00,1778269500000,2248388.302,5205446112.90738,2.4542,0.7105,0.2895,1.9638,0.6626,0.3374,0.8297,10092.58,12164.249
2026-05-08 20:00:00,1778270400000,2247577.571,5203231979.96784,2.4364,0.709,0.291,1.9542,0.6615,0.3385,0.616,7167.091,11635.007
2026-05-08 20:15:00,1778271300000,2245405.723,5192366932.619061,2.4341,0.7088,0.2912,1.9533,0.6614,0.3386,0.6693,7882.167,11776.89
2026-05-08 20:30:00,1778272200000,2242019.858,5182316800.7741,2.427,0.7082,0.2918,1.9481,0.6608,0.3392,0.4135,8160.119,19736.618
2026-05-08 20:45:00,1778273100000,2239468.44,5167640609.3532,2.4223,0.7078,0.2922,1.9455,0.6605,0.3395,0.6058,9264.011,15292.555
2026-05-08 21:00:00,1778274000000,2234357.091,5152459061.94373,2.427,0.7082,0.2918,1.9481,0.6608,0.3392,1.1512,8813.963,7656.193
2026-05-08 21:15:00,1778274900000,2233298.52,5147663756.6592,2.427,0.7082,0.2918,1.9481,0.6608,0.3392,1.799,7516.519,4178.068
2026-05-08 21:30:00,1778275800000,2232257.341,5152228523.61528,2.427,0.7082,0.2918,1.9481,0.6608,0.3392,1.5415,8064.362,5231.496
2026-05-08 21:45:00,1778276700000,2232391.546,5163677913.30622,2.4364,0.709,0.291,1.9516,0.6612,0.3388,1.4969,12267.19,8195.184
2026-05-08 22:00:00,1778277600000,2237455.067,5176941528.700947,2.427,0.7082,0.2918,1.9455,0.6605,0.3395,2.1831,23045.106,10555.933
2026-05-08 22:15:00,1778278500000,2234022.258,5175810219.647773,2.4235,0.7079,0.2921,1.9429,0.6602,0.3398,0.8731,7214.6,8262.819
2026-05-08 22:30:00,1778279400000,2236039.087,5170415541.26097,2.4176,0.7074,0.2926,1.9377,0.6596,0.3404,0.593,4148.434,6995.386
2026-05-08 22:45:00,1778280300000,2235512.763,5167208910.65346,2.4141,0.7071,0.2929,1.9351,0.6593,0.3407,0.7594,4561.258,6006.477
2026-05-08 23:00:00,1778281200000,2235381.352,5164363838.132051,2.4048,0.7063,0.2937,1.9291,0.6586,0.3414,0.5149,4489.294,8719.193
2026-05-08 23:15:00,1778282100000,2234955.717,5154143126.75955,2.4014,0.706,0.294,1.9274,0.6584,0.3416,1.1552,6665.997,5770.585
2026-05-08 23:30:00,1778283000000,2236031.781,5159061966.39444,2.4014,0.706,0.294,1.9248,0.6581,0.3419,0.7796,8363.96,10728.615
2026-05-08 23:45:00,1778283900000,2238380.443,5156528976.207427,2.4014,0.706,0.294,1.9283,0.6585,0.3415,1.4695,8428.287,5735.413
2026-05-09 00:00:00,1778284800000,2238183.037,5161622116.076012,2.406,0.7064,0.2936,1.9317,0.6589,0.3411,1.0695,5731.547,5358.933
2026-05-09 00:15:00,1778285700000,2238369.358,5160647407.629155,2.4025,0.7061,0.2939,1.9308,0.6588,0.3412,1.2005,8775.734,7310.119
2026-05-09 00:30:00,1778286600000,2238432.897,5165430137.44617,2.4211,0.7077,0.2923,1.9446,0.6604,0.3396,1.2549,7644.475,6091.593
2026-05-09 00:45:00,1778287500000,2239172.445,5171301586.55415,2.4329,0.7087,0.2913,1.9533,0.6614,0.3386,0.7854,6095.539,7760.632
2026-05-09 01:00:00,1778288400000,2241089.668,5171774370.848198,2.4294,0.7084,0.2916,1.9551,0.6616,0.3384,1.9737,6817.011,3453.869
2026-05-09 01:15:00,1778289300000,2240687.838,5181814694.1588,2.4388,0.7092,0.2908,1.9621,0.6624,0.3376,1.1525,6120.504,5310.7
2026-05-09 01:30:00,1778290200000,2240217.719,5176222225.101234,2.4364,0.709,0.291,1.9586,0.662,0.338,1.7175,11646.003,6780.621
2026-05-09 01:45:00,1778291100000,2239448.422,5183755631.1133,2.4364,0.709,0.291,1.9542,0.6615,0.3385,1.1575,9814.444,8478.996
2026-05-09 02:00:00,1778292000000,2240851.219,5183693899.37613,2.4305,0.7085,0.2915,1.9516,0.6612,0.3388,1.2295,7311.817,5946.797
2026-05-09 02:15:00,1778292900000,2240604.014,5188894659.747511,2.4235,0.7079,0.2921,1.9455,0.6605,0.3395,0.6845,4057.564,5927.549
2026-05-09 02:30:00,1778293800000,2240722.422,5188311012.044757,2.4165,0.7073,0.2927,1.9403,0.6599,0.3401,1.8775,13802.762,7351.574
2026-05-09 02:45:00,1778294700000,2244357.964,5200469169.12332,2.406,0.7064,0.2936,1.9308,0.6588,0.3412,0.8177,3966.111,4850.531
2026-05-09 03:00:00,1778295600000,2243875.486,5196344411.72394,2.3933,0.7053,0.2947,1.9257,0.6582,0.3418,1.4871,8251.669,5548.666
2026-05-09 03:15:00,1778296500000,2243085.946,5198194124.802796,2.3898,0.705,0.295,1.949,0.6609,0.3391,0.8904,10217.761,11475.379
2026-05-09 03:30:00,1778297400000,2241692.996,5191788713.163499,2.3898,0.705,0.295,1.9481,0.6608,0.3392,1.3403,12828.147,9571.14
2026-05-09 03:45:00,1778298300000,2246879.668,5196428052.448562,2.3693,0.7032,0.2968,1.9326,0.659,0.341,1.1788,7913.565,6713.093
2026-05-09 04:00:00,1778299200000,2244353.684,5194207897.800059,2.3715,0.7034,0.2966,1.9351,0.6593,0.3407,1.2238,26385.464,21559.664
2026-05-09 04:15:00,1778300100000,2238483.196,5194055481.912736,2.3807,0.7042,0.2958,1.9377,0.6596,0.3404,0.6919,7030.619,10160.621
2026-05-09 04:30:00,1778301000000,2239553.165,5186648361.41845,2.3727,0.7035,0.2965,1.9317,0.6589,0.3411,0.5967,7754.711,12995.074
2026-05-09 04:45:00,1778301900000,2239106.108,5178067221.11648,2.3738,0.7036,0.2964,1.9334,0.6591,0.3409,0.9719,14009.533,14415.078
2026-05-09 05:00:00,1778302800000,2244020.463,5187232821.86154,2.3772,0.7039,0.2961,1.9334,0.6591,0.3409,1.4755,9868.357,6688.293
2026-05-09 05:15:00,1778303700000,2245362.031,5193230480.63897,2.3772,0.7039,0.2961,1.936,0.6594,0.3406,0.8219,4693.402,5710.119
2026-05-09 05:30:00,1778304600000,2246270.747,5199645062.44813,2.3841,0.7045,0.2955,1.9403,0.6599,0.3401,1.0154,4318.805,4253.38
2026-05-09 05:45:00,1778305500000,2246925.409,5204020246.17245,2.3887,0.7049,0.2951,1.9438,0.6603,0.3397,0.5635,1944.979,3451.558
2026-05-09 06:00:00,1778306400000,2247187.097,5199294314.45793,2.3818,0.7043,0.2957,1.9403,0.6599,0.3401,1.7632,9620.048,5456.147
2026-05-09 06:15:00,1778307300000,2247498.755,5208797312.894713,2.3898,0.705,0.295,1.942,0.6601,0.3399,0.7604,4693.234,6172.414
2026-05-09 06:30:00,1778308200000,2248515.875,5207090578.16625,2.3841,0.7045,0.2955,1.9386,0.6597,0.3403,0.7755,6694.656,8632.628
2026-05-09 06:45:00,1778309100000,2250575.929,5207400746.150314,2.3807,0.7042,0.2958,1.9343,0.6592,0.3408,0.9948,7474.032,7512.788
2026-05-09 07:00:00,1778310000000,2250708.623,5206654285.93082,2.3738,0.7036,0.2964,1.9291,0.6586,0.3414,0.6787,10026.659,14772.335
2026-05-09 07:15:00,1778310900000,2252374.647,5207400088.87812,2.3704,0.7033,0.2967,1.93,0.6587,0.3413,1.7378,6807.02,3917.099
2026-05-09 07:30:00,1778311800000,2251245.354,5212128268.48788,2.3704,0.7033,0.2967,1.9291,0.6586,0.3414,0.7997,3725.495,4658.859
2026-05-09 07:45:00,1778312700000,2250604.821,5210150160.615,2.3681,0.7031,0.2969,1.9283,0.6585,0.3415,0.7733,3429.014,4434.05
2026-05-09 08:00:00,1778313600000,2250656.682,5206976908.214202,2.3591,0.7023,0.2977,1.9223,0.6578,0.3422,2.0257,12707.265,6273.176
2026-05-09 08:15:00,1778314500000,2248127.128,5210416800.75176,2.3512,0.7016,0.2984,1.9129,0.6567,0.3433,0.6835,8203.049,12000.972
2026-05-09 08:30:00,1778315400000,2246683.454,5207627791.908013,2.3568,0.7021,0.2979,1.9155,0.657,0.343,0.716,6718.767,9384.261
2026-05-09 08:45:00,1778316300000,2243602.788,5197731534.197412,2.358,0.7022,0.2978,1.9155,0.657,0.343,0.8519,2189.138,2569.767
2026-05-09 09:00:00,1778317200000,2243953.726,5197355862.01216,2.3557,0.702,0.298,1.9155,0.657,0.343,0.7931,2706.495,3412.487
2026-05-09 09:15:00,1778318100000,2243997.014,5193731088.903,2.3535,0.7018,0.2982,1.9129,0.6567,0.3433,1.3263,15142.336,11416.976
2026-05-09 09:30:00,1778319000000,2245260.051,5191641348.93034,2.3512,0.7016,0.2984,1.9129,0.6567,0.3433,1.0535,4235.202,4020.206
2026-05-09 09:45:00,1778319900000,2245751.588,5193686353.988139,2.3512,0.7016,0.2984,1.9112,0.6565,0.3435,0.801,5894.047,7358.478
2026-05-09 10:00:00,1778320800000,2246800.659,5195726523.9375,2.3456,0.7011,0.2989,1.907,0.656,0.344,0.6358,7867.941,12374.932
2026-05-09 10:15:00,1778321700000,2248347.65,5198017804.73875,2.3378,0.7004,0.2996,1.9061,0.6559,0.3441,0.8498,3228.301,3798.903
2026-05-09 10:30:00,1778322600000,2249388.646,5197954764.83618,2.3378,0.7004,0.2996,1.9078,0.6561,0.3439,2.0093,3580.49,1781.944
2026-05-09 10:45:00,1778323500000,2249654.202,5203922596.60842,2.3411,0.7007,0.2993,1.9095,0.6563,0.3437,0.7764,1663.459,2142.422
2026-05-09 11:00:00,1778324400000,2250322.23,5202088813.971975,2.3411,0.7007,0.2993,1.9104,0.6564,0.3436,3.4077,9011.954,2644.624
2026-05-09 11:15:00,1778325300000,2254521.049,5215992263.33493,2.3411,0.7007,0.2993,1.9112,0.6565,0.3435,1.3799,4509.395,3267.963
2026-05-09 11:30:00,1778326200000,2256188.206,5221699422.08434,2.3434,0.7009,0.2991,1.9138,0.6568,0.3432,0.6335,1952.295,3081.657
2026-05-09 11:45:00,1778327100000,2256895.892,5219635974.223,2.3467,0.7012,0.2988,1.9189,0.6574,0.3426,2.0424,3890.268,1904.774
2026-05-09 12:00:00,1778328000000,2257362.963,5223769494.824179,2.3478,0.7013,0.2987,1.9189,0.6574,0.3426,1.1629,4814.617,4140.27
2026-05-09 12:15:00,1778328900000,2258283.518,5224177593.53012,2.3167,0.6985,0.3015,1.8752,0.6522,0.3478,0.9111,6248.48,6858.086
2026-05-09 12:30:00,1778329800000,2256277.651,5225561602.49251,2.3135,0.6982,0.3018,1.8703,0.6516,0.3484,0.5853,1700.048,2904.612
2026-05-09 12:45:00,1778330700000,2256772.238,5223141370.79434,2.3113,0.698,0.302,1.8703,0.6516,0.3484,1.0559,1845.601,1747.89
2026-05-09 13:00:00,1778331600000,2257015.197,5226431526.104376,2.3124,0.6981,0.3019,1.8703,0.6516,0.3484,0.783,2550.011,3256.592
2026-05-09 13:15:00,1778332500000,2257329.26,5225468930.6814,2.3102,0.6979,0.3021,1.8686,0.6514,0.3486,0.882,5142.499,5830.204
2026-05-09 13:30:00,1778333400000,2257969.376,5223157340.25696,2.3058,0.6975,0.3025,1.867,0.6512,0.3488,0.4381,3246.734,7411.59
2026-05-09 13:45:00,1778334300000,2259772.452,5224752618.628322,2.3025,0.6972,0.3028,1.8645,0.6509,0.3491,1.3977,3429.726,2453.864
2026-05-09 14:00:00,1778335200000,2259982.169,5228513947.62488,2.2852,0.6956,0.3044,1.8433,0.6483,0.3517,0.8689,4306.84,4956.71
2026-05-09 14:15:00,1778336100000,2260023.6,5226530577.36,2.283,0.6954,0.3046,1.8425,0.6482,0.3518,0.5764,21026.785,36479.841
2026-05-09 14:30:00,1778337000000,2255600.387,5203782872.82835,2.2927,0.6963,0.3037,1.8588,0.6502,0.3498,0.5131,11257.892,21939.623
2026-05-09 14:45:00,1778337900000,2255715.178,5206168073.67222,2.2895,0.696,0.304,1.8612,0.6505,0.3495,0.5598,10729.583,19166.79
2026-05-09 15:00:00,1778338800000,2253346.821,5199000368.3353,2.2895,0.696,0.304,1.8596,0.6503,0.3497,0.6184,39884.588,64500.835
2026-05-09 15:15:00,1778339700000,2255744.236,5194527826.6608,2.2798,0.6951,0.3049,1.8563,0.6499,0.3501,2.5224,25793.715,10225.801
2026-05-09 15:30:00,1778340600000,2247054.463,5190503448.679993,2.283,0.6954,0.3046,1.8596,0.6503,0.3497,1.3614,33650.247,24717.775
2026-05-09 15:45:00,1778341500000,2238605.965,5177067312.83795,2.2819,0.6953,0.3047,1.8563,0.6499,0.3501,1.1688,28250.421,24170.464
2026-05-09 16:00:00,1778342400000,2221735.8,5147457574.128332,2.2765,0.6948,0.3052,1.8474,0.6488,0.3512,1.3062,39758.368,30438.941
2026-05-09 16:15:00,1778343300000,2210176.715,5127963607.0744,2.2468,0.692,0.308,1.8193,0.6453,0.3547,0.9223,23952.572,25971.401
2026-05-09 16:30:00,1778344200000,2205899.387,5115139757.695394,2.2541,0.6927,0.3073,1.8353,0.6473,0.3527,0.4273,23298.659,54519.425
2026-05-09 16:45:00,1778345100000,2193283.278,5087539891.6488,2.2457,0.6919,0.3081,1.8297,0.6466,0.3534,0.6449,16509.674,25601.308
2026-05-09 17:00:00,1778346000000,2198908.981,5099072025.13071,2.2404,0.6914,0.3086,1.8273,0.6463,0.3537,2.5206,96512.83,38289.33
2026-05-09 17:15:00,1778346900000,2187036.794,5094767822.72682,2.2383,0.6912,0.3088,1.8035,0.6433,0.3567,0.6924,24476.603,35352.069
2026-05-09 17:30:00,1778347800000,2184712.677,5092412320.19961,2.23,0.6904,0.3096,1.7972,0.6425,0.3575,1.1789,15956.503,13534.782
2026-05-09 17:45:00,1778348700000,2188617.902,5099166995.630942,2.2206,0.6895,0.3105,1.7894,0.6415,0.3585,1.0694,14967.228,13996.209
2026-05-09 18:00:00,1778349600000,2188717.432,5097107042.81592,2.2031,0.6878,0.3122,1.7755,0.6397,0.3603,1.2699,9001.622,7088.379
2026-05-09 18:15:00,1778350500000,2187896.212,5096288525.57372,2.1969,0.6872,0.3128,1.7716,0.6392,0.3608,1.6509,25642.697,15532.174
2026-05-09 18:30:00,1778351400000,2184278.287,5102199875.319355,2.2092,0.6884,0.3116,1.7747,0.6396,0.3604,0.7508,8804.001,11725.737
2026-05-09 18:45:00,1778352300000,2183024.519,5087449814.436464,2.202,0.6877,0.3123,1.7685,0.6388,0.3612,0.7615,5612.786,7370.913
2026-05-09 19:00:00,1778353200000,2180048.188,5078154275.838985,2.1939,0.6869,0.3131,1.7647,0.6383,0.3617,1.436,6252.963,4354.485
2026-05-09 19:15:00,1778354100000,2180169.26,5077923044.215776,2.1888,0.6864,0.3136,1.7601,0.6377,0.3623,0.8226,6555.968,7970.006
2026-05-09 19:30:00,1778355000000,2176824.279,5067225140.714517,2.1797,0.6855,0.3145,1.7556,0.6371,0.3629,0.9839,4190.631,4259.231
2026-05-09 19:45:00,1778355900000,2175395.527,5063794740.6281,2.1776,0.6853,0.3147,1.7533,0.6368,0.3632,2.4661,14835.86,6015.943
2026-05-09 20:00:00,1778356800000,2180631.856,5083336338.47728,2.1766,0.6852,0.3148,1.7503,0.6364,0.3636,0.5088,3232.001,6352.619
2026-05-09 20:15:00,1778357700000,2181486.075,5076474750.80705,2.1696,0.6845,0.3155,1.7442,0.6356,0.3644,0.9043,3609.939,3992.146
2026-05-09 20:30:00,1778358600000,2180379.195,5075573905.2888,2.1666,0.6842,0.3158,1.742,0.6353,0.3647,1.2898,4143.65,3212.661
2026-05-09 20:45:00,1778359500000,2179615.734,5075740518.865599,2.1676,0.6843,0.3157,1.7412,0.6352,0.3648,1.3888,3265.203,2351.165
2026-05-09 21:00:00,1778360400000,2179742.39,5075116004.0609,2.1656,0.6841,0.3159,1.7405,0.6351,0.3649,1.3,5787.794,4452.041
2026-05-09 21:15:00,1778361300000,2178912.202,5076364280.85354,2.1686,0.6844,0.3156,1.742,0.6353,0.3647,0.7775,2477.368,3186.505
2026-05-09 21:30:00,1778362200000,2178322.46,5074992293.329104,2.1666,0.6842,0.3158,1.7397,0.635,0.365,0.7702,2369.402,3076.478
2026-05-09 21:45:00,1778363100000,2176525.595,5069236937.03475,2.1606,0.6836,0.3164,1.736,0.6345,0.3655,1.4887,3904.116,2622.428
2026-05-09 22:00:00,1778364000000,2176149.493,5070284597.508114,2.1596,0.6835,0.3165,1.7345,0.6343,0.3657,0.9619,3632.145,3775.817
2026-05-09 22:15:00,1778364900000,2175984.305,5068643361.874855,2.1556,0.6831,0.3169,1.7315,0.6339,0.3661,1.571,3234.302,2058.786
2026-05-09 22:30:00,1778365800000,2176663.037,5072096621.516814,2.1566,0.6832,0.3168,1.7307,0.6338,0.3662,0.996,5598.444,5620.948
2026-05-09 22:45:00,1778366700000,2176042.782,5074118319.49542,2.1556,0.6831,0.3169,1.73,0.6337,0.3663,0.8222,2352.302,2860.82
2026-05-09 23:00:00,1778367600000,2175849.492,5067314123.42388,2.1516,0.6827,0.3173,1.7278,0.6334,0.3666,0.7702,4057.627,5268.444
2026-05-09 23:15:00,1778368500000,2173955.849,5059435461.250387,2.1486,0.6824,0.3176,1.7248,0.633,0.367,0.5877,3703.88,6301.961
2026-05-09 23:30:00,1778369400000,2172052.231,5050955419.53433,2.1387,0.6814,0.3186,1.7196,0.6323,0.3677,0.5505,3313.533,6019.59
2026-05-09 23:45:00,1778370300000,2169970.059,5042983519.577629,2.1348,0.681,0.319,1.7167,0.6319,0.3681,1.1444,4718.531,4123.115
2026-05-10 00:00:00,1778371200000,2168741.643,5042997724.014489,2.1437,0.6819,0.3181,1.7211,0.6325,0.3675,0.9871,7492.892,7590.474
2026-05-10 00:15:00,1778372100000,2167565.334,5042660673.598614,2.1397,0.6815,0.3185,1.7181,0.6321,0.3679,1.2434,5330.196,4286.627
2026-05-10 00:30:00,1778373000000,2166939.214,5041449089.54742,2.1387,0.6814,0.3186,1.7189,0.6322,0.3678,1.0799,4227.335,3914.5
2026-05-10 00:45:00,1778373900000,2167485.467,5043847055.98235,2.1358,0.6811,0.3189,1.7181,0.6321,0.3679,0.6187,7330.71,11849.367
2026-05-10 01:00:00,1778374800000,2163156.847,5025099881.85488,2.1447,0.682,0.318,1.7248,0.633,0.367,0.8865,7270.851,8201.332
2026-05-10 01:15:00,1778375700000,2162001.357,5019086150.2755,2.1377,0.6813,0.3187,1.7196,0.6323,0.3677,0.7949,6262.665,7878.885
2026-05-10 01:30:00,1778376600000,2162307.213,5014824804.474891,2.1358,0.6811,0.3189,1.7167,0.6319,0.3681,0.9911,6640.407,6699.945
2026-05-10 01:45:00,1778377500000,2160653.24,5010930822.193262,2.1368,0.6812,0.3188,1.7152,0.6317,0.3683,2.2169,6886.796,3106.481
2026-05-10 02:00:00,1778378400000,2160494.838,5018635064.13858,2.1407,0.6816,0.3184,1.7181,0.6321,0.3679,1.0971,5806.609,5292.832
2026-05-10 02:15:00,1778379300000,2160265.471,5013407872.145786,2.1397,0.6815,0.3185,1.7181,0.6321,0.3679,1.8836,8130.823,4316.615
2026-05-10 02:30:00,1778380200000,2161095.829,5024744227.601708,2.1496,0.6825,0.3175,1.7241,0.6329,0.3671,1.0997,3528.726,3208.893
2026-05-10 02:45:00,1778381100000,2161782.961,5027139804.48706,2.1496,0.6825,0.3175,1.7255,0.6331,0.3669,1.3038,4353.355,3338.92
2026-05-10 03:00:00,1778382000000,2162331.874,5031119194.55454,2.1456,0.6821,0.3179,1.7352,0.6344,0.3656,1.3981,6403.929,4580.495
2026-05-10 03:15:00,1778382900000,2164036.848,5036362956.3504,2.1427,0.6818,0.3182,1.7315,0.6339,0.3661,0.7614,2479.023,3255.742
2026-05-10 03:30:00,1778383800000,2164329.718,5032044951.05282,2.1417,0.6817,0.3183,1.7307,0.6338,0.3662,1.5732,18496.715,11757.498
2026-05-10 03:45:00,1778384700000,2163334.473,5036242653.144,2.1368,0.6812,0.3188,1.7248,0.633,0.367,0.7435,4137.585,5564.873
2026-05-10 04:00:00,1778385600000,2164041.694,5036281711.68755,2.1377,0.6813,0.3187,1.7255,0.6331,0.3669,0.6051,3507.072,5796.268
2026-05-10 04:15:00,1778386500000,2164596.228,5036041354.2534,2.1397,0.6815,0.3185,1.7278,0.6334,0.3666,1.0505,2993.128,2849.333
2026-05-10 04:30:00,1778387400000,2165535.322,5041813129.7761135,2.1387,0.6814,0.3186,1.7285,0.6335,0.3665,0.9526,5240.717,5501.515
2026-05-10 04:45:00,1778388300000,2165911.537,5039707941.63771,2.1417,0.6817,0.3183,1.73,0.6337,0.3663,1.2358,3280.351,2654.4
2026-05-10 05:00:00,1778389200000,2166355.512,5041757719.314508,2.1387,0.6814,0.3186,1.7285,0.6335,0.3665,0.7902,2325.744,2943.086
2026-05-10 05:15:00,1778390100000,2166264.822,5041569782.88882,2.1368,0.6812,0.3188,1.7248,0.633,0.367,1.9311,3949.083,2044.964
2026-05-10 05:30:00,1778391000000,2166556.79,5043941695.596063,2.1358,0.6811,0.3189,1.7233,0.6328,0.3672,0.6477,2022.097,3121.812
2026-05-10 05:45:00,1778391900000,2167073.856,5043148057.670577,2.1377,0.6813,0.3187,1.7248,0.633,0.367,0.8532,2599.866,3047.15
2026-05-10 06:00:00,1778392800000,2166762.29,5040540652.978197,2.1358,0.6811,0.3189,1.7233,0.6328,0.3672,2.3878,8921.897,3736.422
2026-05-10 06:15:00,1778393700000,2170725.373,5053426961.09027,2.1309,0.6806,0.3194,1.7189,0.6322,0.3678,0.3443,1550.065,4502.495
2026-05-10 06:30:00,1778394600000,2171145.532,5049741311.483288,2.125,0.68,0.32,1.7167,0.6319,0.3681,1.2334,4409.315,3574.905
2026-05-10 06:45:00,1778395500000,2172069.487,5057120783.10775,2.1221,0.6797,0.3203,1.7137,0.6315,0.3685,1.2563,2703.133,2151.698
2026-05-10 07:00:00,1778396400000,2172726.091,5058801612.19712,2.1192,0.6794,0.3206,1.7108,0.6311,0.3689,1.0824,4026.911,3720.196
2026-05-10 07:15:00,1778397300000,2173401.359,5056584438.894709,2.1182,0.6793,0.3207,1.71,0.631,0.369,1.1984,2751.6,2296.007
2026-05-10 07:30:00,1778398200000,2174021.097,5062251604.78644,2.1192,0.6794,0.3206,1.7115,0.6312,0.3688,1.0096,2250.551,2229.193
2026-05-10 07:45:00,1778399100000,2174029.298,5061640232.48254,2.1211,0.6796,0.3204,1.713,0.6314,0.3686,0.9575,2384.852,2490.757
2026-05-10 08:00:00,1778400000000,2172788.88,5054580499.4328,2.1221,0.6797,0.3203,1.7137,0.6315,0.3685,0.9294,6058.502,6518.669
2026-05-10 08:15:00,1778400900000,2173920.689,5060141670.021623,2.1201,0.6795,0.3205,1.7137,0.6315,0.3685,1.3076,6108.225,4671.348
2026-05-10 08:30:00,1778401800000,2174155.139,5064998778.01996,2.124,0.6799,0.3201,1.7159,0.6318,0.3682,0.8935,2835.47,3173.515
2026-05-10 08:45:00,1778402700000,2174193.695,5061769487.287401,2.123,0.6798,0.3202,1.7152,0.6317,0.3683,1.615,2045.85,1266.786
2026-05-10 09:00:00,1778403600000,2174368.359,5064582269.14998,2.126,0.6801,0.3199,1.7167,0.6319,0.3681,1.67,11256.232,6740.254
2026-05-10 09:15:00,1778404500000,2172810.288,5061869713.459938,2.1319,0.6807,0.3193,1.7218,0.6326,0.3674,0.793,2529.4,3189.642
2026-05-10 09:30:00,1778405400000,2172535.623,5058684022.08681,2.1328,0.6808,0.3192,1.7218,0.6326,0.3674,0.7141,4106.361,5750.748
2026-05-10 09:45:00,1778406300000,2172622.81,5055106670.7113,2.1328,0.6808,0.3192,1.7226,0.6327,0.3673,1.4662,9295.415,6339.914
2026-05-10 10:00:00,1778407200000,2168953.594,5047588803.9568,2.1407,0.6816,0.3184,1.7293,0.6336,0.3664,0.7098,9792.817,13797.276
2026-05-10 10:15:00,1778408100000,2167517.098,5036767856.4775,2.1377,0.6813,0.3187,1.73,0.6337,0.3663,0.6657,5780.906,8684.458
2026-05-10 10:30:00,1778409000000,2166536.873,5038132678.917017,2.1377,0.6813,0.3187,1.733,0.6341,0.3659,0.4917,3042.391,6188.016
2026-05-10 10:45:00,1778409900000,2166592.319,5033492273.27037,2.1387,0.6814,0.3186,1.7337,0.6342,0.3658,1.2743,3817.255,2995.572
2026-05-10 11:00:00,1778410800000,2166799.395,5036660189.69565,2.1437,0.6819,0.3181,1.739,0.6349,0.3651,0.783,6292.578,8036.512
2026-05-10 11:15:00,1778411700000,2168734.0,5038272267.651662,2.1516,0.6827,0.3173,1.7435,0.6355,0.3645,0.403,10074.484,24997.112
2026-05-10 11:30:00,1778412600000,2175014.256,5048229838.31856,2.1616,0.6837,0.3163,1.7556,0.6371,0.3629,1.2358,6569.821,5316.359
2026-05-10 11:45:00,1778413500000,2176876.944,5051159954.54928,2.1616,0.6837,0.3163,1.7579,0.6374,0.3626,1.4628,7388.942,5051.076
2026-05-10 12:00:00,1778414400000,2178661.679,5058290046.123668,2.1686,0.6844,0.3156,1.7632,0.6381,0.3619,2.1968,12058.585,5489.047
2026-05-10 12:15:00,1778415300000,2181730.267,5067324500.379003,2.1656,0.6841,0.3159,1.7632,0.6381,0.3619,1.1977,4917.388,4105.628
2026-05-10 12:30:00,1778416200000,2182260.251,5070110708.95583,2.1746,0.685,0.315,1.7693,0.6389,0.3611,0.5821,3537.057,6076.1
2026-05-10 12:45:00,1778417100000,2184361.533,5073592701.511368,2.1797,0.6855,0.3145,1.7724,0.6393,0.3607,0.5395,2533.539,4696.195
2026-05-10 13:00:00,1778418000000,2185716.071,5077674862.453879,2.1817,0.6857,0.3143,1.7739,0.6395,0.3605,1.7593,11794.732,6704.04
2026-05-10 13:15:00,1778418900000,2185834.252,5087722981.331792,2.1867,0.6862,0.3138,1.7747,0.6396,0.3604,1.5228,23545.621,15462.368
2026-05-10 13:30:00,1778419800000,2183940.538,5085337607.719249,2.1776,0.6853,0.3147,1.7655,0.6384,0.3616,0.6701,4140.758,6179.186
2026-05-10 13:45:00,1778420700000,2184169.319,5085860100.98469,2.1736,0.6849,0.3151,1.7624,0.638,0.362,1.3777,4781.803,3470.958
2026-05-10 14:00:00,1778421600000,2185325.36,5089163845.1144,2.1696,0.6845,0.3155,1.7617,0.6379,0.3621,0.9572,4072.943,4255.216
2026-05-10 14:15:00,1778422500000,2185729.521,5088011105.389069,2.1676,0.6843,0.3157,1.7594,0.6376,0.3624,0.8883,3559.129,4006.763
2026-05-10 14:30:00,1778423400000,2186002.963,5085801473.50839,2.1656,0.6841,0.3159,1.7563,0.6372,0.3628,1.9121,27399.729,14329.952
2026-05-10 14:45:00,1778424300000,2183279.268,5085970887.59868,2.1586,0.6834,0.3166,1.745,0.6357,0.3643,0.8751,9749.682,11141.615
2026-05-10 15:00:00,1778425200000,2183275.625,5087032206.25,2.1576,0.6833,0.3167,1.7442,0.6356,0.3644,1.2034,31611.557,26269.49
2026-05-10 15:15:00,1778426100000,2189398.67,5111268319.448978,2.1211,0.6796,0.3204,1.6991,0.6295,0.3705,0.955,8093.977,8475.701
2026-05-10 15:30:00,1778427000000,2191587.148,5114554752.080428,2.1114,0.6786,0.3214,1.6925,0.6286,0.3714,1.4077,41568.392,29528.445
2026-05-10 15:45:00,1778427900000,2184874.644,5114310869.18232,2.1143,0.6789,0.3211,1.6788,0.6267,0.3733,1.5046,68778.982,45712.616
2026-05-10 16:00:00,1778428800000,2177656.076,5110501502.59604,2.0469,0.6718,0.3282,1.6226,0.6187,0.3813,0.8584,29902.9,34836.846
2026-05-10 16:15:00,1778429700000,2178655.159,5110144608.19245,2.0184,0.6687,0.3313,1.6015,0.6156,0.3844,0.7403,14994.084,20255.215
2026-05-10 16:30:00,1778430600000,2173427.03,5095708343.1865,1.9895,0.6655,0.3345,1.582,0.6127,0.3873,1.0053,12134.056,12070.404
2026-05-10 16:45:00,1778431500000,2174257.478,5099394776.0273,1.978,0.6642,0.3358,1.5707,0.611,0.389,1.9233,50914.746,26472.566
2026-05-10 17:00:00,1778432400000,2172435.871,5103364961.191645,1.9595,0.6621,0.3379,1.5569,0.6089,0.3911,2.4593,121122.502,49251.773
2026-05-10 17:15:00,1778433300000,2161687.908,5077941367.097437,1.9533,0.6614,0.3386,1.5497,0.6078,0.3922,1.4795,54040.461,36525.086
2026-05-10 17:30:00,1778434200000,2152592.903,5069663441.036522,1.9429,0.6602,0.3398,1.5381,0.606,0.394,1.2439,25954.852,20864.978
2026-05-10 17:45:00,1778435100000,2150510.173,5064688013.53403,1.9334,0.6591,0.3409,1.5272,0.6043,0.3957,1.3112,67974.956,51842.196
2026-05-10 18:00:00,1778436000000,2131107.772,5036596175.11164,1.9377,0.6596,0.3404,1.5214,0.6034,0.3966,1.2332,21698.911,17595.799
2026-05-10 18:15:00,1778436900000,2133987.537,5046539086.99908,1.9197,0.6575,0.3425,1.5094,0.6015,0.3985,0.243,11247.09,46289.132
2026-05-10 18:30:00,1778437800000,2131325.948,5032145816.26592,1.9019,0.6554,0.3446,1.4963,0.5994,0.4006,0.5757,12593.949,21877.254
2026-05-10 18:45:00,1778438700000,2121004.925,4996567759.797497,1.8827,0.6531,0.3469,1.4832,0.5973,0.4027,0.7609,5944.125,7812.003
2026-05-10 19:00:00,1778439600000,2118884.67,4995125112.770597,1.8827,0.6531,0.3469,1.4832,0.5973,0.4027,0.9118,15201.779,16672.265
2026-05-10 19:15:00,1778440500000,2114287.758,4983050678.062728,1.8794,0.6527,0.3473,1.4802,0.5968,0.4032,2.7702,25606.799,9243.713
2026-05-10 19:30:00,1778441400000,2112092.437,4996865763.588429,1.876,0.6523,0.3477,1.474,0.5958,0.4042,0.9246,8204.723,8873.681
2026-05-10 19:45:00,1778442300000,2110226.979,4988894780.959322,1.8694,0.6515,0.3485,1.4685,0.5949,0.4051,1.0211,13372.157,13096.397
2026-05-10 20:00:00,1778443200000,2112794.713,4995893250.41267,1.8629,0.6507,0.3493,1.4631,0.594,0.406,0.674,30841.252,45758.929
2026-05-10 20:15:00,1778444100000,2116512.224,4982068033.94364,1.876,0.6523,0.3477,1.4716,0.5954,0.4046,0.9135,44748.876,48984.906
2026-05-10 20:30:00,1778445000000,2114116.417,4974156529.41011,1.8769,0.6524,0.3476,1.4734,0.5957,0.4043,0.5938,35763.397,60232.786
2026-05-10 20:45:00,1778445900000,2094910.322,4890149164.6446,1.8977,0.6549,0.3451,1.4913,0.5986,0.4014,0.8373,112595.4,134482.366
2026-05-10 21:00:00,1778446800000,2060945.666,4796694709.301071,1.9727,0.6636,0.3364,1.5648,0.6101,0.3899,1.7323,56641.348,32697.904
2026-05-10 21:15:00,1778447700000,2047239.588,4759459000.141631,1.9647,0.6627,0.3373,1.5543,0.6085,0.3915,0.9286,15419.319,16604.946
2026-05-10 21:30:00,1778448600000,2046103.332,4775515798.654414,1.97,0.6633,0.3367,1.5589,0.6092,0.3908,1.2635,25062.16,19835.382
2026-05-10 21:45:00,1778449500000,2046863.826,4777748605.37268,1.9753,0.6639,0.3361,1.5648,0.6101,0.3899,0.633,12710.889,20081.09
2026-05-10 22:00:00,1778450400000,2044457.834,4763109586.268273,1.9735,0.6637,0.3363,1.5641,0.61,0.39,2.1417,80916.687,37781.689
2026-05-10 22:15:00,1778451300000,2066494.003,4840369568.16693,1.9682,0.6631,0.3369,1.5504,0.6079,0.3921,1.0003,91140.516,91113.989
2026-05-10 22:30:00,1778452200000,2080327.115,4897901356.28485,1.9446,0.6604,0.3396,1.5316,0.605,0.395,1.0012,77610.83,77516.165
2026-05-10 22:45:00,1778453100000,2061741.291,4877028406.44759,1.9291,0.6586,0.3414,1.5132,0.6021,0.3979,0.9078,41301.265,45498.189
2026-05-10 23:00:00,1778454000000,2062480.464,4893894894.58848,1.8835,0.6532,0.3468,1.4789,0.5966,0.4034,1.1314,50786.733,44886.519
2026-05-10 23:15:00,1778454900000,2063678.409,4907819628.565637,1.8369,0.6475,0.3525,1.4231,0.5873,0.4127,0.5464,19494.31,35679.482
2026-05-10 23:30:00,1778455800000,2067218.338,4906991455.852169,1.8019,0.6431,0.3569,1.3923,0.582,0.418,0.801,17289.219,21584.334
2026-05-10 23:45:00,1778456700000,2070143.544,4922466112.768174,1.7855,0.641,0.359,1.377,0.5793,0.4207,0.7297,17657.35,24197.852
2026-05-11 00:00:00,1778457600000,2069604.949,4905166369.324569,1.7617,0.6379,0.3621,1.3579,0.5759,0.4241,0.5294,24413.751,46114.05
2026-05-11 00:15:00,1778458500000,2072647.435,4895882046.422778,1.739,0.6349,0.3651,1.343,0.5732,0.4268,0.5159,64073.907,124202.401
2026-05-11 00:30:00,1778459400000,2042405.875,4808905904.86375,1.8066,0.6437,0.3563,1.4067,0.5845,0.4155,1.0803,23004.961,21295.408
2026-05-11 00:45:00,1778460300000,2040034.844,4802191250.939612,1.8145,0.6447,0.3553,1.4125,0.5855,0.4145,0.9382,26083.702,27802.477
2026-05-11 01:00:00,1778461200000,2036672.356,4789825680.11724,1.8297,0.6466,0.3534,1.4272,0.588,0.412,1.3697,25623.085,18706.654
2026-05-11 01:15:00,1778462100000,2034424.006,4791373697.7309,1.8393,0.6478,0.3522,1.4337,0.5891,0.4109,1.1023,20495.272,18592.935
2026-05-11 01:30:00,1778463000000,2034132.856,4803013610.977328,1.8433,0.6483,0.3517,1.4366,0.5896,0.4104,0.6803,12362.61,18172.847
2026-05-11 01:45:00,1778463900000,2034981.448,4797387894.779295,1.8401,0.6479,0.3521,1.4325,0.5889,0.4111,1.0677,8615.447,8069.08
2026-05-11 02:00:00,1778464800000,2037617.444,4804220357.67726,1.8377,0.6476,0.3524,1.4319,0.5888,0.4112,1.1012,10029.98,9108.551
2026-05-11 02:15:00,1778465700000,2038010.926,4797763041.33364,1.8353,0.6473,0.3527,1.4319,0.5888,0.4112,0.7994,15836.175,19810.989
2026-05-11 02:30:00,1778466600000,2037970.354,4788207432.576758,1.8329,0.647,0.353,1.4349,0.5893,0.4107,0.6779,15364.598,22663.733
2026-05-11 02:45:00,1778467500000,2036120.817,4772483944.17447,1.8425,0.6482,0.3518,1.445,0.591,0.409,0.9692,9218.166,9510.775
2026-05-11 03:00:00,1778468400000,2037125.404,4775836797.1376,1.8555,0.6498,0.3502,1.5013,0.6002,0.3998,0.5917,42288.084,71472.12
2026-05-11 03:15:00,1778469300000,2026170.796,4713086084.429139,1.9011,0.6553,0.3447,1.5445,0.607,0.393,0.8601,51506.883,59887.856
2026-05-11 03:30:00,1778470200000,2036349.567,4733432832.970401,1.9753,0.6639,0.3361,1.6089,0.6167,0.3833,1.2261,42454.723,34626.206
2026-05-11 03:45:00,1778471100000,2043315.818,4758593206.929102,2.034,0.6704,0.3296,1.6582,0.6238,0.3762,1.3646,14963.964,10965.436
2026-05-11 04:00:00,1778472000000,2048218.146,4771201278.01824,2.0544,0.6726,0.3274,1.6767,0.6264,0.3736,0.7868,13718.269,17434.503
2026-05-11 04:15:00,1778472900000,2048574.383,4767957830.237429,2.0562,0.6728,0.3272,1.6817,0.6271,0.3729,2.2826,14531.946,6366.284
2026-05-11 04:30:00,1778473800000,2053011.538,4784687100.11666,2.0713,0.6744,0.3256,1.6947,0.6289,0.3711,1.7733,15669.981,8836.783
2026-05-11 04:45:00,1778474700000,2055738.207,4797782590.532685,2.0874,0.6761,0.3239,1.7064,0.6305,0.3695,0.8235,9405.707,11421.69
2026-05-11 05:00:00,1778475600000,2056276.337,4795000001.686395,2.1017,0.6776,0.3224,1.7159,0.6318,0.3682,1.0345,6550.739,6332.511
2026-05-11 05:15:00,1778476500000,2056135.277,4795750481.42757,2.1066,0.6781,0.3219,1.7189,0.6322,0.3678,1.895,13056.573,6889.846
2026-05-11 05:30:00,1778477400000,2059352.2,4811983625.939704,2.1211,0.6796,0.3204,1.73,0.6337,0.3663,0.7307,8276.042,11325.807
2026-05-11 05:45:00,1778478300000,2059504.901,4804902828.030109,2.1182,0.6793,0.3207,1.7285,0.6335,0.3665,1.0025,6195.828,6180.2
2026-05-11 06:00:00,1778479200000,2060403.534,4809210336.867715,2.1162,0.6791,0.3209,1.7248,0.633,0.367,1.0551,8692.765,8238.722
2026-05-11 06:15:00,1778480100000,2060439.821,4813764345.00588,2.1095,0.6784,0.3216,1.7226,0.6327,0.3673,1.1087,7501.841,6766.184
2026-05-11 06:30:00,1778481000000,2060541.344,4818212558.868214,2.1114,0.6786,0.3214,1.7233,0.6328,0.3672,1.4566,22248.12,15273.727
2026-05-11 06:45:00,1778481900000,2055549.204,4793690014.17565,2.1037,0.6778,0.3222,1.7152,0.6317,0.3683,0.8352,11387.15,13634.211
2026-05-11 07:00:00,1778482800000,2058753.342,4802463831.619051,2.1008,0.6775,0.3225,1.7144,0.6316,0.3684,0.8374,8733.14,10428.801
2026-05-11 07:15:00,1778483700000,2058343.795,4794808953.26275,2.095,0.6769,0.3231,1.7108,0.6311,0.3689,1.0076,7925.824,7865.7
2026-05-11 07:30:00,1778484600000,2059467.149,4796849099.43633,2.0941,0.6768,0.3232,1.7122,0.6313,0.3687,1.0877,5763.504,5298.772
2026-05-11 07:45:00,1778485500000,2059515.762,4794557738.946405,2.0921,0.6766,0.3234,1.7115,0.6312,0.3688,1.0041,4343.678,4326.15
2026-05-11 08:00:00,1778486400000,2059957.846,4798713001.41392,2.0989,0.6773,0.3227,1.7174,0.632,0.368,0.7889,8616.57,10922.731
2026-05-11 08:15:00,1778487300000,2060549.492,4799761564.68512,2.0998,0.6774,0.3226,1.7248,0.633,0.367,1.2386,12714.548,10265.094
2026-05-11 08:30:00,1778488200000,2061083.588,4796141509.276,2.1027,0.6777,0.3223,1.727,0.6333,0.3667,1.3434,10899.047,8113.115
2026-05-11 08:45:00,1778489100000,2061231.373,4808694829.382318,2.1085,0.6783,0.3217,1.7307,0.6338,0.3662,0.5148,4086.336,7937.776
2026-05-11 09:00:00,1778490000000,2061211.781,4802174632.840327,2.1172,0.6792,0.3208,1.7405,0.6351,0.3649,1.4391,8866.991,6161.524
2026-05-11 09:15:00,1778490900000,2062357.335,4816821168.05265,2.124,0.6799,0.3201,1.7435,0.6355,0.3645,1.0374,5984.514,5768.758
2026-05-11 09:30:00,1778491800000,2063845.826,4818924211.232694,2.126,0.6801,0.3199,1.7442,0.6356,0.3644,0.905,4959.528,5480.371
2026-05-11 09:45:00,1778492700000,2064328.27,4818142182.18,2.127,0.6802,0.3198,1.7457,0.6358,0.3642,1.2083,6863.443,5680.354
2026-05-11 10:00:00,1778493600000,2066691.154,4825735972.388364,2.1279,0.6803,0.3197,1.7442,0.6356,0.3644,1.2777,11013.564,8619.582
2026-05-11 10:15:00,1778494500000,2070096.327,4835558711.20257,2.1289,0.6804,0.3196,1.7442,0.6356,0.3644,0.9168,4605.168,5022.853
2026-05-11 10:30:00,1778495400000,2070283.133,4836878522.394602,2.1358,0.6811,0.3189,1.7495,0.6363,0.3637,0.7007,8361.181,11932.583
2026-05-11 10:45:00,1778496300000,2070784.518,4828325733.336062,2.1397,0.6815,0.3185,1.7556,0.6371,0.3629,0.7701,4333.509,5627.411
2026-05-11 11:00:00,1778497200000,2071559.063,4824254091.93214,2.1397,0.6815,0.3185,1.7571,0.6373,0.3627,0.8367,7280.501,8701.184
2026-05-11 11:15:00,1778498100000,2071117.434,4825183497.81221,2.1368,0.6812,0.3188,1.7579,0.6374,0.3626,1.1054,7014.976,6345.845
2026-05-11 11:30:00,1778499000000,2071665.806,4832450525.70784,2.1437,0.6819,0.3181,1.764,0.6382,0.3618,1.0084,4532.497,4494.531
2026-05-11 11:45:00,1778499900000,2072876.159,4838477465.590735,2.1506,0.6826,0.3174,1.7685,0.6388,0.3612,0.8327,3824.738,4593.158
2026-05-11 12:00:00,1778500800000,2073591.613,4841235074.78723,2.1486,0.6824,0.3176,1.7685,0.6388,0.3612,0.7366,8229.034,11171.264
2026-05-11 12:15:00,1778501700000,2074702.937,4832111434.1142025,2.1486,0.6824,0.3176,1.7701,0.639,0.361,1.2671,13760.599,10860.1
2026-05-11 12:30:00,1778502600000,2077532.69,4852887835.2441,2.1476,0.6823,0.3177,1.7678,0.6387,0.3613,0.9206,11766.943,12781.679
2026-05-11 12:45:00,1778503500000,2079403.339,4848815087.98037,2.1506,0.6826,0.3174,1.767,0.6386,0.3614,0.9045,14560.216,16096.674
2026-05-11 13:00:00,1778504400000,2083676.078,4851860584.38378,2.1586,0.6834,0.3166,1.7778,0.64,0.36,0.9735,13834.443,14210.936
2026-05-11 13:15:00,1778505300000,2090978.6,4872095292.728926,2.1726,0.6848,0.3152,1.7894,0.6415,0.3585,0.9691,14987.657,15466.224
2026-05-11 13:30:00,1778506200000,2092729.5,4868797963.635,2.1736,0.6849,0.3151,1.7956,0.6423,0.3577,0.8395,67548.06,80465.506
2026-05-11 13:45:00,1778507100000,2098451.858,4878648755.62704,2.2144,0.6889,0.3111,1.8637,0.6508,0.3492,0.9521,23553.071,24738.172
2026-05-11 14:00:00,1778508000000,2103948.147,4883776265.107288,2.2196,0.6894,0.3106,1.8744,0.6521,0.3479,1.163,20445.882,17580.645
2026-05-11 14:15:00,1778508900000,2102649.375,4889101353.24375,2.2352,0.6909,0.3091,1.891,0.6541,0.3459,0.6261,21444.319,34251.981
2026-05-11 14:30:00,1778509800000,2102884.779,4861978707.782805,2.252,0.6925,0.3075,1.9104,0.6564,0.3436,0.9711,100390.591,103379.591
2026-05-11 14:45:00,1778510700000,2095808.573,4844503432.66096,2.3456,0.7011,0.2989,2.0093,0.6677,0.3323,1.1813,25531.834,21613.072
2026-05-11 15:00:00,1778511600000,2100005.503,4862345155.586321,2.3602,0.7024,0.2976,2.0248,0.6694,0.3306,1.2988,23812.807,18334.014
2026-05-11 15:15:00,1778512500000,2101942.162,4876673204.256304,2.3389,0.7005,0.2995,2.0012,0.6668,0.3332,1.0311,36691.45,35584.809
2026-05-11 15:30:00,1778513400000,2095121.674,4885175766.485128,2.3167,0.6985,0.3015,1.9762,0.664,0.336,0.8055,28043.546,34815.98
2026-05-11 15:45:00,1778514300000,2094665.781,4873230342.994691,2.3058,0.6975,0.3025,1.9665,0.6629,0.3371,1.0592,15401.561,14540.918
2026-05-11 16:00:00,1778515200000,2095574.575,4887718138.73,2.3003,0.697,0.303,1.956,0.6617,0.3383,0.837,36960.002,44156.047
2026-05-11 16:15:00,1778516100000,2086124.213,4878067692.22642,2.2884,0.6959,0.3041,1.9257,0.6582,0.3418,0.9947,24950.045,25083.561
2026-05-11 16:30:00,1778517000000,2086106.833,4872728340.5214,2.2531,0.6926,0.3074,1.891,0.6541,0.3459,0.7191,22261.762,30958.131
2026-05-11 16:45:00,1778517900000,2082582.075,4849583923.128,2.2425,0.6916,0.3084,1.8843,0.6533,0.3467,0.7917,15513.799,19595.759
2026-05-11 17:00:00,1778518800000,2082249.497,4848767016.624235,2.2342,0.6908,0.3092,1.881,0.6529,0.3471,1.0735,19517.524,18180.97
2026-05-11 17:15:00,1778519700000,2079204.302,4838160303.708805,2.2331,0.6907,0.3093,1.8818,0.653,0.347,1.2158,7960.57,6547.731
2026-05-11 17:30:00,1778520600000,2079308.226,4842272203.62654,2.2362,0.691,0.309,1.8852,0.6534,0.3466,1.8429,24049.565,13049.86
2026-05-11 17:45:00,1778521500000,2075420.328,4856660965.732872,2.23,0.6904,0.3096,1.8752,0.6522,0.3478,0.9832,18798.474,19119.715
2026-05-11 18:00:00,1778522400000,2077584.595,4852863648.6929,2.2216,0.6896,0.3104,1.8653,0.651,0.349,1.0275,16664.63,16219.306
2026-05-11 18:15:00,1778523300000,2073552.921,4851761331.14343,2.2144,0.6889,0.3111,1.8596,0.6503,0.3497,1.0096,16100.779,15947.689
2026-05-11 18:30:00,1778524200000,2075209.589,4857007290.95861,2.2092,0.6884,0.3116,1.8539,0.6496,0.3504,0.952,11554.704,12137.353
2026-05-11 18:45:00,1778525100000,2072882.064,4846232435.06688,2.202,0.6877,0.3123,1.845,0.6485,0.3515,0.763,9782.051,12819.752
2026-05-11 19:00:00,1778526000000,2071671.285,4835798697.01125,2.2051,0.688,0.312,1.8466,0.6487,0.3513,0.8908,9329.65,10473.175
2026-05-11 19:15:00,1778526900000,2070370.276,4839387001.6362,2.2031,0.6878,0.3122,1.8441,0.6484,0.3516,1.4339,8627.265,6016.796
2026-05-11 19:30:00,1778527800000,2069659.472,4835241941.46,2.1949,0.687,0.313,1.8353,0.6473,0.3527,1.5236,7637.825,5013.013
2026-05-11 19:45:00,1778528700000,2069529.054,4843630444.463246,2.1908,0.6866,0.3134,1.8289,0.6465,0.3535,1.073,6961.848,6488.291
2026-05-11 20:00:00,1778529600000,2067809.716,4837413371.51324,2.1888,0.6864,0.3136,1.8289,0.6465,0.3535,1.0564,16808.304,15910.635
2026-05-11 20:15:00,1778530500000,2066195.003,4828945665.41136,2.2,0.6875,0.3125,1.8337,0.6471,0.3529,1.071,3660.301,3417.704
2026-05-11 20:30:00,1778531400000,2065740.133,4828192440.65691,2.1949,0.687,0.313,1.8297,0.6466,0.3534,0.6613,3598.938,5442.225
2026-05-11 20:45:00,1778532300000,2065304.067,4826243849.84694,2.1949,0.687,0.313,1.8289,0.6465,0.3535,1.1595,3683.041,3176.321
2026-05-11 21:00:00,1778533200000,2065279.422,4826558009.214,2.1898,0.6865,0.3135,1.8265,0.6462,0.3538,0.9798,4048.066,4131.648
2026-05-11 21:15:00,1778534100000,2064555.552,4829846081.036986,2.1908,0.6866,0.3134,1.8249,0.646,0.354,1.145,4799.997,4192.012
2026-05-11 21:30:00,1778535000000,2063192.399,4820275058.643661,2.1857,0.6861,0.3139,1.8201,0.6454,0.3546,1.0119,6404.295,6328.767
2026-05-11 21:45:00,1778535900000,2062830.749,4825229289.90837,2.1817,0.6857,0.3143,1.8169,0.645,0.355,1.0601,5931.644,5595.621
2026-05-11 22:00:00,1778536800000,2063108.44,4827034281.938773,2.1797,0.6855,0.3145,1.8169,0.645,0.355,1.0914,7850.826,7193.244
2026-05-11 22:15:00,1778537700000,2064641.966,4833318823.914703,2.1797,0.6855,0.3145,1.8145,0.6447,0.3553,0.9553,9689.879,10143.086
2026-05-11 22:30:00,1778538600000,2064803.166,4826621936.74662,2.1807,0.6856,0.3144,1.8114,0.6443,0.3557,0.8421,4303.319,5110.067
2026-05-11 22:45:00,1778539500000,2066350.076,4834866571.32556,2.1797,0.6855,0.3145,1.8145,0.6447,0.3553,1.5043,8554.685,5686.845
2026-05-11 23:00:00,1778540400000,2068137.635,4840015821.796057,2.1696,0.6845,0.3155,1.8074,0.6438,0.3562,1.0063,4496.105,4468.107
2026-05-11 23:15:00,1778541300000,2067301.529,4833636182.284394,2.1686,0.6844,0.3156,1.805,0.6435,0.3565,0.8152,4094.031,5022.098
2026-05-11 23:30:00,1778542200000,2066884.526,4826960784.32988,2.1656,0.6841,0.3159,1.8003,0.6429,0.3571,1.3652,6184.702,4530.153
2026-05-11 23:45:00,1778543100000,2066394.484,4835586118.991929,2.1596,0.6835,0.3165,1.7964,0.6424,0.3576,0.7881,4098.113,5199.882
2026-05-12 00:00:00,1778544000000,2066572.213,4832926035.429784,2.1496,0.6825,0.3175,1.791,0.6417,0.3583,1.0114,7602.065,7516.278
2026-05-12 00:15:00,1778544900000,2067716.987,4828739800.3199415,2.1437,0.6819,0.3181,1.784,0.6408,0.3592,0.7586,9968.754,13141.435
2026-05-12 00:30:00,1778545800000,2071104.311,4833991594.9571295,2.1407,0.6816,0.3184,1.7809,0.6404,0.3596,1.1511,10664.082,9263.975
2026-05-12 00:45:00,1778546700000,2068925.979,4823121620.76438,2.1328,0.6808,0.3192,1.7755,0.6397,0.3603,0.9469,6258.887,6610.172
2026-05-12 01:00:00,1778547600000,2069956.831,4828277806.14905,2.1289,0.6804,0.3196,1.7724,0.6393,0.3607,0.756,14056.613,18593.647
2026-05-12 01:15:00,1778548500000,2066254.748,4803649700.69788,2.1328,0.6808,0.3192,1.7739,0.6395,0.3605,0.7655,23691.481,30948.353
2026-05-12 01:30:00,1778549400000,2069092.859,4805815393.321709,2.1586,0.6834,0.3166,1.7996,0.6428,0.3572,0.6399,92595.611,144709.562
2026-05-12 01:45:00,1778550300000,2089250.729,4821251427.88306,2.3422,0.7008,0.2992,2.0093,0.6677,0.3323,0.9459,33299.824,35203.185
2026-05-12 02:00:00,1778551200000,2092886.46,4835169370.67724,2.3512,0.7016,0.2984,1.9922,0.6658,0.3342,1.0524,14348.843,13633.897
2026-05-12 02:15:00,1778552100000,2097207.252,4854169745.041771,2.3681,0.7031,0.2969,2.0039,0.6671,0.3329,0.8968,14609.367,16290.336
2026-05-12 02:30:00,1778553000000,2102758.96,4865191565.128647,2.3568,0.7021,0.2979,1.9958,0.6662,0.3338,0.8701,7797.117,8960.748
2026-05-12 02:45:00,1778553900000,2105113.843,4860970670.614615,2.3591,0.7023,0.2977,1.9967,0.6663,0.3337,1.5342,6888.101,4489.725
2026-05-12 03:00:00,1778554800000,2105908.432,4874189020.976357,2.3602,0.7024,0.2976,1.9976,0.6664,0.3336,0.9945,8612.811,8660.506
2026-05-12 03:15:00,1778555700000,2106595.365,4870668612.12028,2.3659,0.7029,0.2971,2.0003,0.6667,0.3333,0.99,5656.163,5713.028
2026-05-12 03:30:00,1778556600000,2107982.951,4870473528.45599,2.3727,0.7035,0.2965,2.003,0.667,0.333,1.0263,4487.459,4372.536
2026-05-12 03:45:00,1778557500000,2108496.385,4875054491.7585,2.3761,0.7038,0.2962,2.0048,0.6672,0.3328,0.6787,11761.345,17329.257
2026-05-12 04:00:00,1778558400000,2109779.791,4869920300.37366,2.3807,0.7042,0.2958,2.0139,0.6682,0.3318,0.7559,7726.947,10221.843
2026-05-12 04:15:00,1778559300000,2110261.533,4865777734.94541,2.3818,0.7043,0.2957,2.0139,0.6682,0.3318,1.4043,14428.697,10274.851
2026-05-12 04:30:00,1778560200000,2110592.543,4877283883.91698,2.3898,0.705,0.295,2.0221,0.6691,0.3309,1.3812,6752.427,4888.732
2026-05-12 04:45:00,1778561100000,2110128.121,4875769023.42335,2.3967,0.7056,0.2944,2.0276,0.6697,0.3303,0.8852,5339.423,6032.102
2026-05-12 05:00:00,1778562000000,2109685.744,4872945574.355843,2.4037,0.7062,0.2938,2.0331,0.6703,0.3297,0.8341,5246.935,6290.654
2026-05-12 05:15:00,1778562900000,2111192.981,4876411682.753685,2.4106,0.7068,0.2932,2.0367,0.6707,0.3293,1.0066,5191.134,5156.995
2026-05-12 05:30:00,1778563800000,2110931.779,4880558710.31916,2.4165,0.7073,0.2927,2.0423,0.6713,0.3287,0.7389,3624.182,4904.692
2026-05-12 05:45:00,1778564700000,2112070.223,4881522055.543085,2.4211,0.7077,0.2923,2.0469,0.6718,0.3282,0.6754,2729.758,4041.525
2026-05-12 06:00:00,1778565600000,2112611.442,4878074464.554567,2.4247,0.708,0.292,2.0497,0.6721,0.3279,1.3697,8989.214,6562.915
2026-05-12 06:15:00,1778566500000,2115882.689,4889527179.915333,2.4317,0.7086,0.2914,2.0544,0.6726,0.3274,1.5696,7651.459,4874.721
2026-05-12 06:30:00,1778567400000,2117147.665,4889367487.048421,2.4341,0.7088,0.2912,2.059,0.6731,0.3269,0.5724,10480.702,18310.952
2026-05-12 06:45:00,1778568300000,2118889.209,4885226204.70204,2.4388,0.7092,0.2908,2.0675,0.674,0.326,0.492,15361.329,31219.432
2026-05-12 07:00:00,1778569200000,2131349.187,4907964340.36425,2.4447,0.7097,0.2903,2.0788,0.6752,0.3248,0.9973,46266.571,46390.287
2026-05-12 07:15:00,1778570100000,2133360.1,4911741626.235,2.4941,0.7138,0.2862,2.1309,0.6806,0.3194,0.9511,11376.653,11961.792
2026-05-12 07:30:00,1778571000000,2134988.064,4909597202.09376,2.5051,0.7147,0.2853,2.1447,0.682,0.318,0.9359,11226.392,11995.736
2026-05-12 07:45:00,1778571900000,2135112.862,4901813459.70822,2.5075,0.7149,0.2851,2.1476,0.6823,0.3177,0.8279,26462.45,31964.451
2026-05-12 08:00:00,1778572800000,2136192.417,4900900152.662973,2.5224,0.7161,0.2839,2.1666,0.6842,0.3158,0.6912,50745.175,73414.261
2026-05-12 08:15:00,1778573700000,2153730.884,4920706635.252428,2.5625,0.7193,0.2807,2.2113,0.6886,0.3114,0.9946,41564.984,41789.947
2026-05-12 08:30:00,1778574600000,2167293.716,4955733811.0056,2.6245,0.7241,0.2759,2.283,0.6954,0.3046,1.4599,17234.078,11805.14
2026-05-12 08:45:00,1778575500000,2172429.56,4977166467.7336,2.6617,0.7269,0.2731,2.3124,0.6981,0.3019,0.9876,13254.614,13421.664
2026-05-12 09:00:00,1778576400000,2176650.827,4978259294.063441,2.6536,0.7263,0.2737,2.3091,0.6978,0.3022,0.7785,13620.333,17494.533
2026-05-12 09:15:00,1778577300000,2184185.576,4986643720.549688,2.6684,0.7274,0.2726,2.33,0.6997,0.3003,0.9152,17896.581,19554.432
2026-05-12 09:30:00,1778578200000,2192087.37,5006629622.848156,2.6778,0.7281,0.2719,2.3422,0.7008,0.2992,0.9544,36888.137,38652.34
2026-05-12 09:45:00,1778579100000,2181669.042,5003236023.179038,2.6982,0.7296,0.2704,2.3512,0.7016,0.2984,1.219,14595.31,11972.753
2026-05-12 10:00:00,1778580000000,2186277.371,5010269988.34699,2.6982,0.7296,0.2704,2.3535,0.7018,0.2982,0.8578,6962.294,8116.588
2026-05-12 10:15:00,1778580900000,2188339.55,5012811171.029378,2.7092,0.7304,0.2696,2.358,0.7022,0.2978,0.682,8503.092,12467.067
2026-05-12 10:30:00,1778581800000,2188799.067,5008373239.71452,2.7064,0.7302,0.2698,2.3568,0.7021,0.2979,0.8008,16260.198,20304.7
2026-05-12 10:45:00,1778582700000,2186618.135,4995302567.922895,2.6982,0.7296,0.2704,2.3523,0.7017,0.2983,0.7619,12726.031,16703.645
2026-05-12 11:00:00,1778583600000,2189053.49,5002578269.0923,2.7161,0.7309,0.2691,2.3715,0.7034,0.2966,0.8287,26589.734,32086.41
2026-05-12 11:15:00,1778584500000,2185757.755,4989342356.166991,2.7313,0.732,0.268,2.3818,0.7043,0.2957,1.1008,13987.861,12706.813
2026-05-12 11:30:00,1778585400000,2188531.743,4995586327.20666,2.7341,0.7322,0.2678,2.3852,0.7046,0.2954,1.2582,10073.226,8006.098
2026-05-12 11:45:00,1778586300000,2190526.06,5007213994.251,2.7552,0.7337,0.2663,2.4025,0.7061,0.2939,0.7869,5732.498,7285.233
2026-05-12 12:00:00,1778587200000,2192166.824,5011096064.64984,2.7651,0.7344,0.2656,2.4118,0.7069,0.2931,0.9289,11844.229,12750.601
2026-05-12 12:15:00,1778588100000,2194943.558,5019835917.146,2.7779,0.7353,0.2647,2.4223,0.7078,0.2922,1.3792,19656.686,14251.853
2026-05-12 12:30:00,1778589000000,2198110.71,5033607582.5787,2.7965,0.7366,0.2634,2.4317,0.7086,0.2914,0.8706,45766.94,52570.582
2026-05-12 12:45:00,1778589900000,2194760.811,5016520941.536616,2.7879,0.736,0.264,2.427,0.7082,0.2918,0.7239,9609.983,13274.439
2026-05-12 13:00:00,1778590800000,2194582.932,5021433678.830771,2.8037,0.7371,0.2629,2.44,0.7093,0.2907,0.7577,11300.129,14912.862
2026-05-12 13:15:00,1778591700000,2198112.931,5027405231.755676,2.8124,0.7377,0.2623,2.4447,0.7097,0.2903,1.1398,18293.26,16049.32
2026-05-12 13:30:00,1778592600000,2196577.545,5016785420.80095,2.7922,0.7363,0.2637,2.4317,0.7086,0.2914,0.8162,38451.375,47112.049
2026-05-12 13:45:00,1778593500000,2202840.803,5020692729.78957,2.8329,0.7391,0.2609,2.4795,0.7126,0.2874,0.9174,57392.332,62562.465
2026-05-12 14:00:00,1778594400000,2202064.518,5000200332.540114,2.8417,0.7397,0.2603,2.5026,0.7145,0.2855,1.2001,29928.487,24939.246
2026-05-12 14:15:00,1778595300000,2206823.048,5027827018.48888,2.861,0.741,0.259,2.5174,0.7157,0.2843,0.7896,17647.741,22349.897
2026-05-12 14:30:00,1778596200000,2208159.819,5019390166.16709,2.873,0.7418,0.2582,2.5249,0.7163,0.2837,0.8336,75256.903,90280.058
2026-05-12 14:45:00,1778597100000,2220487.209,5055249999.49776,2.9635,0.7477,0.2523,2.659,0.7267,0.2733,0.8305,24009.116,28907.586
2026-05-12 15:00:00,1778598000000,2225659.208,5047750570.55984,2.9809,0.7488,0.2512,2.6819,0.7284,0.2716,1.1365,18873.166,16606.887
2026-05-12 15:15:00,1778598900000,2230601.944,5066733068.910757,2.9872,0.7492,0.2508,2.6887,0.7289,0.2711,0.679,53812.564,79257.986
2026-05-12 15:30:00,1778599800000,2241362.998,5062432121.80272,2.9936,0.7496,0.2504,2.7189,0.7311,0.2689,1.126,28242.167,25081.464
2026-05-12 15:45:00,1778600700000,2245041.397,5080427254.279704,2.9872,0.7492,0.2508,2.7202,0.7312,0.2688,1.1666,21426.811,18367.376
2026-05-12 16:00:00,1778601600000,2249414.595,5085635736.576807,3.0048,0.7503,0.2497,2.7369,0.7324,0.2676,1.5686,27412.629,17475.668
2026-05-12 16:15:00,1778602500000,2255514.593,5113315313.722792,3.0032,0.7502,0.2498,2.7272,0.7317,0.2683,1.1202,17553.916,15670.85
2026-05-12 16:30:00,1778603400000,2255193.777,5112858603.083612,3.0145,0.7509,0.2491,2.7355,0.7323,0.2677,1.0068,11503.826,11426.651
2026-05-12 16:45:00,1778604300000,2256684.906,5108640807.703241,3.0209,0.7513,0.2487,2.7397,0.7326,0.2674,1.1393,43600.026,38269.943
2026-05-12 17:00:00,1778605200000,2265150.827,5126466700.15813,3.0177,0.7511,0.2489,2.7397,0.7326,0.2674,1.198,15982.369,13341.088
2026-05-12 17:15:00,1778606100000,2265308.88,5141662177.2912,3.0225,0.7514,0.2486,2.7481,0.7332,0.2668,1.2157,25520.242,20992.077
2026-05-12 17:30:00,1778607000000,2263107.47,5146565977.495482,3.0486,0.753,0.247,2.7608,0.7341,0.2659,1.2622,15856.485,12562.314
2026-05-12 17:45:00,1778607900000,2262858.7,5150198633.401824,3.085,0.7552,0.2448,2.8023,0.737,0.263,0.728,7456.491,10241.942
2026-05-12 18:00:00,1778608800000,2262091.897,5147819909.08393,3.0833,0.7551,0.2449,2.7979,0.7367,0.2633,1.0147,13679.036,13480.625
2026-05-12 18:15:00,1778609700000,2263228.638,5152149465.26148,3.0866,0.7553,0.2447,2.7979,0.7367,0.2633,0.8858,4937.584,5574.009
2026-05-12 18:30:00,1778610600000,2262284.092,5150972026.23388,3.0883,0.7554,0.2446,2.7965,0.7366,0.2634,1.1678,17010.711,14565.863
2026-05-12 18:45:00,1778611500000,2261742.657,5158358686.954423,3.1068,0.7565,0.2435,2.8081,0.7374,0.2626,0.8515,17849.707,20961.983
2026-05-12 19:00:00,1778612400000,2256708.084,5141390326.53468,3.1118,0.7568,0.2432,2.8081,0.7374,0.2626,0.6978,11083.428,15882.743
2026-05-12 19:15:00,1778613300000,2258974.111,5157688503.686459,3.122,0.7574,0.2426,2.8183,0.7381,0.2619,0.8818,5862.71,6648.628
2026-05-12 19:30:00,1778614200000,2258231.218,5151628478.524832,3.0568,0.7535,0.2465,2.7258,0.7316,0.2684,0.8502,11068.837,13018.921
2026-05-12 19:45:00,1778615100000,2253942.444,5143820788.10589,3.07,0.7543,0.2457,2.7327,0.7321,0.2679,0.8887,9827.856,11059.289
2026-05-12 20:00:00,1778616000000,2251501.448,5142204157.0872,3.0683,0.7542,0.2458,2.7327,0.7321,0.2679,0.7296,6715.853,9204.793
2026-05-12 20:15:00,1778616900000,2250061.033,5139341904.86497,3.0683,0.7542,0.2458,2.7286,0.7318,0.2682,0.6058,2192.025,3618.318
2026-05-12 20:30:00,1778617800000,2249997.405,5139399072.5529,3.0634,0.7539,0.2461,2.723,0.7314,0.2686,0.4358,5314.11,12195.199
2026-05-12 20:45:00,1778618700000,2246590.16,5127832078.572105,3.0453,0.7528,0.2472,2.7092,0.7304,0.2696,0.589,3222.615,5470.924
2026-05-12 21:00:00,1778619600000,2243992.842,5125056730.433124,3.0388,0.7524,0.2476,2.701,0.7298,0.2702,0.7867,3944.748,5014.039
2026-05-12 21:15:00,1778620500000,2242575.357,5125181720.8878,3.0371,0.7523,0.2477,2.6982,0.7296,0.2704,0.6966,2599.45,3731.577
2026-05-12 21:30:00,1778621400000,2241439.103,5122764241.12444,3.0339,0.7521,0.2479,2.6914,0.7291,0.2709,0.8177,3959.775,4842.582
2026-05-12 21:45:00,1778622300000,2240095.134,5115725817.176143,3.029,0.7518,0.2482,2.6914,0.7291,0.2709,0.7276,3354.305,4609.938
2026-05-12 22:00:00,1778623200000,2239344.297,5115283922.585895,3.0177,0.7511,0.2489,2.6846,0.7286,0.2714,1.1039,19871.027,18000.72
2026-05-12 22:15:00,1778624100000,2232716.562,5102331740.803538,3.0306,0.7519,0.2481,2.6805,0.7283,0.2717,0.7043,4524.596,6424.175
2026-05-12 22:30:00,1778625000000,2233343.294,5102720424.69826,3.0274,0.7517,0.2483,2.6792,0.7282,0.2718,0.8271,3951.625,4777.919
2026-05-12 22:45:00,1778625900000,2232447.46,5097458907.791,3.0177,0.7511,0.2489,2.6724,0.7277,0.2723,0.8276,3337.117,4032.12
2026-05-12 23:00:00,1778626800000,2232249.19,5092139884.7523,3.008,0.7505,0.2495,2.6657,0.7272,0.2728,0.597,4734.722,7931.119
2026-05-12 23:15:00,1778627700000,2230492.983,5083717301.92377,3.0016,0.7501,0.2499,2.6603,0.7268,0.2732,0.7548,6014.956,7969.257
2026-05-12 23:30:00,1778628600000,2229985.3,5088714955.335,2.9904,0.7494,0.2506,2.6523,0.7262,0.2738,0.7627,7794.615,10220.214
2026-05-12 23:45:00,1778629500000,2229819.149,5077632675.14535,2.9417,0.7463,0.2537,2.6232,0.724,0.276,0.6768,15337.989,22661.367
2026-05-13 00:00:00,1778630400000,2230684.379,5072363774.888514,2.9386,0.7461,0.2539,2.6193,0.7237,0.2763,1.3956,13811.216,9896.567
2026-05-13 00:15:00,1778631300000,2229731.422,5076107703.906257,2.9308,0.7456,0.2544,2.6127,0.7232,0.2768,1.2684,15750.406,12417.584
2026-05-13 00:30:00,1778632200000,2228949.148,5086910873.004149,2.9293,0.7455,0.2545,2.6101,0.723,0.277,0.9501,8095.387,8520.741
2026-05-13 00:45:00,1778633100000,2228352.987,5088132076.39632,2.9339,0.7458,0.2542,2.6127,0.7232,0.2768,0.4212,6214.039,14752.934
2026-05-13 01:00:00,1778634000000,2228178.071,5081418225.462843,2.9355,0.7459,0.2541,2.614,0.7233,0.2767,1.01,20643.628,20440.045
2026-05-13 01:15:00,1778634900000,2226797.606,5094890654.55194,2.951,0.7469,0.2531,2.6219,0.7239,0.2761,1.0072,24273.529,24100.224
2026-05-13 01:30:00,1778635800000,2224624.053,5095901825.72604,2.973,0.7483,0.2517,2.643,0.7255,0.2745,0.9728,12826.655,13185.239
2026-05-13 01:45:00,1778636700000,2225276.464,5099399039.37312,2.9557,0.7472,0.2528,2.6245,0.7241,0.2759,0.9514,9421.261,9902.854
2026-05-13 02:00:00,1778637600000,2225352.019,5093428557.405959,2.9417,0.7463,0.2537,2.6127,0.7232,0.2768,0.8918,8836.939,9909.503
2026-05-13 02:15:00,1778638500000,2225789.633,5100843681.589003,2.9262,0.7453,0.2547,2.5174,0.7157,0.2843,1.4277,29760.257,20845.578
2026-05-13 02:30:00,1778639400000,2223123.126,5099844451.044,2.9401,0.7462,0.2538,2.5186,0.7158,0.2842,0.6698,7513.157,11216.663
2026-05-13 02:45:00,1778640300000,2221172.199,5095683053.476107,2.9339,0.7458,0.2542,2.5125,0.7153,0.2847,0.9912,5655.581,5706.068
2026-05-13 03:00:00,1778641200000,2220828.613,5092271176.46448,2.92,0.7449,0.2551,2.5014,0.7144,0.2856,1.0907,6646.635,6093.821
2026-05-13 03:15:00,1778642100000,2220295.642,5089495852.183461,2.9154,0.7446,0.2554,2.4965,0.714,0.286,1.0158,6882.072,6775.082
2026-05-13 03:30:00,1778643000000,2221662.172,5102558160.29756,2.9124,0.7444,0.2556,2.4892,0.7134,0.2866,1.2973,18966.362,14620.105
2026-05-13 03:45:00,1778643900000,2217889.894,5104229623.15266,2.9154,0.7446,0.2554,2.4868,0.7132,0.2868,0.7605,10313.811,13562.69
2026-05-13 04:00:00,1778644800000,2217590.323,5101593802.380958,2.8941,0.7432,0.2568,2.4698,0.7118,0.2882,1.0965,13999.757,12767.708
2026-05-13 04:15:00,1778645700000,2216978.626,5097164603.458147,2.8625,0.7411,0.2589,2.4376,0.7091,0.2909,0.6133,5431.822,8856.448
2026-05-13 04:30:00,1778646600000,2216379.212,5098580903.07692,2.8506,0.7403,0.2597,2.427,0.7082,0.2918,1.406,27787.22,19762.882
2026-05-13 04:45:00,1778647500000,2208085.08,5087008488.1548,2.8595,0.7409,0.2591,2.4364,0.709,0.291,1.6065,12476.407,7766.305
2026-05-13 05:00:00,1778648400000,2204987.611,5084480932.2049,2.8388,0.7395,0.2605,2.4141,0.7071,0.2929,0.5165,5400.892,10456.483
2026-05-13 05:15:00,1778649300000,2204579.303,5076463039.937555,2.8095,0.7375,0.2625,2.3852,0.7046,0.2954,0.6517,8940.337,13718.255
2026-05-13 05:30:00,1778650200000,2202988.226,5068943728.73244,2.7341,0.7322,0.2678,2.3069,0.6976,0.3024,0.5569,10411.079,18694.682
2026-05-13 05:45:00,1778651100000,2200121.652,5051679984.547793,2.69,0.729,0.271,2.2701,0.6942,0.3058,0.7912,11234.129,14199.46
2026-05-13 06:00:00,1778652000000,2197149.189,5046198776.149951,2.6792,0.7282,0.2718,2.2584,0.6931,0.3069,1.3821,9171.562,6635.729
2026-05-13 06:15:00,1778652900000,2197495.489,5060084962.70074,2.6805,0.7283,0.2717,2.2573,0.693,0.307,1.1372,8276.766,7278.059
2026-05-13 06:30:00,1778653800000,2198898.18,5063204938.2498,2.6697,0.7275,0.2725,2.2478,0.6921,0.3079,1.1372,8276.766,7278.059
